Inventaire?,N° réf,Jeux,Classification ludothèque COL,COL adapté 1,COL adapté 2,Etat,Âge,Duree,Nbre de joueurs,Thème,Prix neuf,Jeton(s),A vendre?,Poids,Nbre de cartes,Dimension cartes,don provenance?,Date d'entrée,trictrac,titre officiel,annee de sortie,illustrateur,image_editeur,auteur,,editeur,description,caractéristique,mécanisme,Commentaires,Année de rentrée,Enfants / Adultes,Manque,Inventaire,dernier inventaire,liens vers video régles
ok,1,Time s'up family,R,EXP,EXP,Bon,8,30,4 +,Abstrait,20.9,2,,447,220,60*91,Don de Vincent,01-09-2013,http://www.trictrac.net/jeu-de-societe/time-s-up-family/infos,Time's Up ! Family,2010,,"http://img4.trictrac.net/generate/default_100_100/1359041833.B5j8Q5q.jpg
http://img3.trictrac.net/generate/default_100_100/1364137624.oG0xA.jpeg",Peter Sarrett,,,,,,,2013-2014,Adultes,5 cartes,"1 carnet, 1 sablier, règle, 220 cartes, 1 sac tissus",25/11/2018,
vendu,2,Ville de Paris,R,REF,REF,Usé,10,60,2 - 4,Ville,25,2,oui,,,,Don de Philip,01-09-2013,http://www.trictrac.net/jeu-de-societe/jeu-ville-de-paris/infos,,,,,,,,,,,,2013-2014,Adultes,1 cartes,"80 cartes; 1 plateau, 8 pions , 3 dés; 1 régle",12/08/2019,
ok,3,Wanted,R,EQU,EXP,Abimé,10,30,3 - 8,Western,35,2,,541,110,88*57,Don de ?,01-09-2013,http://www.trictrac.net/jeu-de-societe/wanted-dead-or-alive/infos,Wanted - Dead or Alive,2004,,http://img.trictrac.net/generate/default_100_100/1364138721.1r4lC.jpeg,Emiliano Sciarra,,,,,,,2013-2014,Adultes,,1 étoile;199 cartes;régles.,09/08/2019,
ok,4,Zombicide,R,COO,REF,Bon,13,60,1 - 6,Zombies,80,3,,,,,"Don de Stéphane, Vincent et Sandrine",01-09-2013,http://www.trictrac.net/jeu-de-societe/zombicide/infos,Zombicide,2012,Jean-Baptiste Lullien,"http://img.trictrac.net/generate/default_100_100/1364251823.Gh5Dv3.png
http://img4.trictrac.net/generate/default_100_100/1377612117.Mwzz5.png",Nicolas Raoult,,,,,,,2013-2014,Adultes,"1 pion bruit
1 pion objectif",9 dalles de jeu + 71 figurines + 40 marcheurs + 8 gros tas + 16 coureurs + 1 abomination + 6 dés + 4 pions voiture + 6 pions zone d'invasion + 1 pion sortie + 110 mini-cartes + 6 fiches d'identités de survivant + 10 pions objectif + 18 pions bruit + 12 pions porte + 1 pions joueur + 24 marqueurs de progression + 6 pointeurs d'expérience,09/08/2019,
ok,5,Cash & guns Live,R,EXP,EXP,Bon,10,20,8 - 20,Bandits,20,2,,250,110,88*67,Don de Sandrine,01-10-2013,,,,,,,,,,,,voir cave chateau,2013-2014,Adultes,,1 sifflet,,
A vendre,6,Ninpo,R,COM,COM,Passable,10,45,2 - 6,Asie,20,2,oui,200,120,51*90,,05-10-2013,,,,,,,,,,,,,2013-2014,Adultes,,16 marqueurs; 120 cartes; ,01/08/2019,
ok,7,Looping louie,R,ADR,ADR,Usé,4,15,2 - 4,Avions,30,2,,670,,,Don de Sandrine,01-11-2013,http://www.trictrac.net/jeu-de-societe/looping-louis/infos,Looping Louis,2006,,http://img.trictrac.net/generate/default_100_100/1359042220.QiRi2O4.gif,Carol Wiseley,,,,,,,2013-2014,Enfants,3 jetons,12 jetons + 4 lanceurs + 1 bras avec avion + 1 base,09/08/2019,
ok,8,Attrape chat,R,ASS,ASS,Bon,4,15,2 - 4,Animaux,15,1,,211,36,88 *57,Don de Bérangère,01-11-2013,,,,,,,,,,,,,2013-2014,Enfants,4 pions,25 pions + 4 chats + 1 balle + 1 souris + 1 tapis+ 36 cartes,02/08/2019,
ok,9,Bazar bizarre,R,COM,COM,Usé,8,25,2 - 8,Fantômes,14,1,,233,60,60*92,,01-11-2013,http://www.trictrac.net/jeu-de-societe/bazar-bizarre/infos,Bazar Bizarre,2011,Gabriela Silveira,"http://img2.trictrac.net/generate/default_100_100/1367829433.RkWy0q6v.jpeg
http://img3.trictrac.net/generate/default_100_100/1364140093.3v0lhF.png",Jacques Zeimet,,,,,,,2013-2014,Enfants,,"5 pieces en bois, 60 cartes, 1 règle",26/08/2019,
ok,10,Blitz,R,ASS,ASS,Bon,10,20,3 - 6,Abstrait,19,1,,,174,,,01-11-2013,,,,,,,,,,,,,2013-2014,Adultes,,"174 cartes, 1 dé plastique, 1 sachet tissus, 1 règle du jeu",06/08/2019,
vendu,12,Boîte à énigmes (La),R,QUE,QUE,Usé,16,30,2 +,Médiéval,25,2,oui,451,78,131*71,Don de Géraldine,01-11-2016,http://www.trictrac.net/jeu-de-societe/la-boite-a-enigmes/infos,La Boîte à Énigmes,2008,Ivan Sigg,http://img3.trictrac.net/generate/default_100_100/1377505935.Nb2w6Z7R.jpeg,Fabrice Mazza,,,,,,,2016-2017,Adultes,,"78 cartes (13 mots, 13 lettrerébus, 13 manipulations, 13 observation, 13 chiffres, 13 logique), 1 règle du jeu, 6 intercalaires 1 livret solution",08/11/2018,
vendu,13,Brouhaha,R,ASS,ASS,Bon,6,30,3 - 10+,Animaux,9,1,oui,,,,Don de Bérangère,01-11-2013,,,,,,,,,,,,,2013-2014,Enfants,,"2 cartes règle du jeu, 42 cartes animaux, 4 cartes chasseur",31/07/2019,
ok,14,Cata castor,R,ADR,ADR,Passable,4,10,2 - 4,Animaux,12,1,,170,,,Don de Bérangère,01-11-2013,,,,,,,,,,,,,2013-2014,Enfants,,1 paysage + 1 castor en bois + 37 troncs + 9 jetons + 1 baton,02/08/2019,
ok,15,Chat alors ! Oh my dogness!,R,EXP,EXP,Bon,4,15,2 - 6,Animaux,10,1,,120,54,87*64,Bérangère,01-11-2013,,,,,,,,Sit Down !,,,,,2013-2014,Enfants,,"11 paires de cartes chat, 11 paires de cartes chiens + 5 cartes madame chincha + 1 carte mistigri + 4 cartes blanches + 1 règle du jeux",29/07/2019,
ok,16,Grande roue (La),R,QUE,QUE,Passable,4,20,2 - 6,Abstrait,19,1,,626,124,65*65,Bérangère,01-11-2013,,,,,,,,,,,,,2013-2014,Enfants,1 cartes obs,"1 roue + 100 cartes jeu (33 observation, 33 défis, 33 devinette)  + 24 carte trophée 1 régles",07/10/2018,
ok,17,Kikiriko,R,ASS,ASS,Usé,5,20,3 - 8,Animaux,12,1,,221,112,56*85,Bérangère,01-11-2013,http://www.trictrac.net/jeu-de-societe/kikiriko/infos,Kikiriko,2008,,http://img.trictrac.net/generate/default_100_100/1364148115.sdV8Tf.jpeg,Véronique Debroise,,,,,,,2013-2014,Enfants,,112 cartes + regles,29/07/2019,
ok,18,Labyrinthe master,R,COM,COM,Usé,10,30,2 - 4,Fantasy,30,2,,900,21,53*81,,01-11-2013,http://www.trictrac.net/jeu-de-societe/labyrinthe-master/infos,Labyrinthe Master,1991,,http://img3.trictrac.net/generate/default_100_100/1358257219.y1pr0.jpg,Max J. Kobbert,,,,,,,2013-2014,Adultes,12 baguettes,1 plateau de jeu + 4 pions + 1 règle + 12 baguettes + 34 tuiles + 21 jetons ,25/11/2018,
ok,19,Licornes dans les nuages,R,PAR,PAR,Bon,3,20,2 - 4,Fantasy,12,1,,415,,,,01-11-2013,http://www.trictrac.net/jeu-de-societe/licornes-dans-les-nuages/infos,Licornes dans les nuages,2014,,http://img3.trictrac.net/generate/default_100_100/1359042025.6F2YE.jpg,Kristin Mückel,,,,,,,2013-2014,Enfants,8 cristaux,1 plateau de jeu + 4 licornes + 2 dés  + 60 cristaux + 1 règle,02/08/2019,
ok,20,Maask,R,ASS,ASS,Usé,6,15,2 - 6,Médiéval,15,1,,710,,,Don de Bérangère,01-11-2013,http://www.trictrac.net/jeu-de-societe/maask/infos,Maask,2004,,http://img.trictrac.net/generate/default_100_100/1364157360.S5r4L2.jpeg,Thierry Denoual,,,,,,,2013-2014,Enfants,,1 plateau + 12 jetons en bois + 12 pions + 2 dés,09/08/2019,
serait vendu,21,Mosquito,R,ASS,ASS,Usé,6,15,2 - 4,"Animaux
",15,1,oui,410,48,105*70,Bérangère,01-11-2013,http://www.trictrac.net/jeu-de-societe/mosquito/infos,Mosquito,2006,,http://img4.trictrac.net/generate/default_100_100/1364140014.O67Jl4.jpeg,Djeco,,,,,,,2013-2014,Enfants,,7 figurines 25 jetons,06/08/2019,
vendu,22,Savanna challenge,R,QUE,QUE,Passable,4,15,2 - 5,Animaux,15,1,oui,437,54,54*88,Bérangère,01-11-2013,,,,,,,,,,,,,2013-2014,Enfants,,6 cartes joker + 48 cartes animaux + 1 sabot + 1 regle,29/07/2019,
ok,23,Shadow Hunters + extension,R,EQU,EXP,Usé,8,60,4 - 8,Fantasy,27,2,,580,82,,Don de Vincent,01-11-2013,http://www.trictrac.net/jeu-de-societe/shadow-hunters-0/infos,Shadow Hunters,2009,,"http://img2.trictrac.net/generate/default_100_100/1364143905.Wyy29.jpeg
http://www.trictrac.net/resources/formats/default_100_100.png",Yasutaka Ikeda,,"CoolMiniOrNot
Guillotine Games",,,,,2013-2014,Adultes,,"2 dés (1 de 6, 1 de 4) + 16 dés couleurs + 8 cartes perso + plateau de jeu, 72 cartes + 11 cartes de l'extension",09/08/2019,
ok,24,Pirates des égouts,R,COO,REF,Bon,10,45,2 - 5,Pirates,35,2,,,,,,01-02-2014,http://www.trictrac.net/jeu-de-societe/pirates-des-egouts/infos,Pirates des Egouts,2012,Marina Fahrenbach,"http://img2.trictrac.net/generate/default_100_100/1370003455.Y70bn.jpeg
http://img.trictrac.net/generate/default_100_100/1364147920.F8HA5X.png",Andreas Pelikan,,,,,,,2013-2014,Adultes,figurine voir victor,3 plateaux frégate + 54 cartes talisman + 30 figurines pirates + 20 bases colorées + 42 jeux butins + 14 jetons bonnus + 6cartes de tribu + 2 aides de jeux,12/08/2019,
ok,25,Pom pom,R,COM,COM,Bon,6,10,2 - 6,"Nature
",15,1,,160,55,55*84,F. Toscano,01-02-2014,http://www.trictrac.net/jeu-de-societe/pom-pom/infos,Pom Pom,2011,Johanna Poncet,http://img4.trictrac.net/generate/default_100_100/1370440372.51af42b421609.jpg,Florent Toscano,,Opla,,,,,2013-2014,Adultes,,régles; 48 cartes fruits ; 4 cartes camités ; 4 cartes marchés,31/07/2019,
ok,26,Carom,R,ADR,ADR,Usé,7,30,2 - 4,Bois,65,3,,,,,Don Jean François,01-05-2014,,,,,,,,Play Factory,,,,,2013-2014,Animations,,"1 plateau; 2 * 9 pions, 1 pions rouge",12/08/2019,
ok,27,Long cours,R,REF,REF,Abimé,12,75,2 - 6,Commerce,30,2,,,36,,Sylvie,01-05-2014,,,,,,,,Haba,,,,,2013-2014,Adultes,,1 plateau + 6 navires + 1 navire corsaire + 240 tickets marchandise + des billets + 2 dés,12/08/2019,
ok,28,Palazzo Paletti,R,ADR,ADR,Abimé,6,30,2 - 4,Bois,50,3,,,,,Fabrication Licorne,01-05-2015,,,,,,,,,,,,,2014-2015,Animations,,3 plateaux; 4 gros cylindres; 8 grands rectangles; 4 petit rectangles; 4 petit cylindres,12/08/2019,
ok,29,Passe-trappe 1m80,R,ADR,ADR,Abimé,6,20,2,Bois,80,3,,,,,Fabrication Licorne,01-05-2014,,,,,,,,,,,,,2014-2015,Animations,,1 plateau ; 10 palets,12/08/2019,
ok,30,Pitch car,R,ADR,ADR,Bon,6,30,2 - 8,Bois,55,3,,,,,,23-07-2015,,,,,,,,,,,,,2015-2016,Animations,2 jeton orange,"10 courbes, 6 droites, 8 jetons, 10 longs rails, 6 rails courts",31/07/2019,
ok,31,Pitch car extension 1,R,ADR,ADR,Bon,6,30,2 - 8,Bois,40,3,,,,,,01-06-2016,,,,,,,,,,,,,2015-2016,Animations,barres rouge,,31/07/2019,
ok,32,Pitch car extension stunt race,R,ADR,ADR,Bon,6,30,2 - 8,Bois,40,3,,,,,,01-06-2016,,,,,,,,,,,,,2015-2016,Animations,2 barre longues ; 3 barre courtes,"2 piste droite longue , 4 pistes droites courtes; 2 jumps haut; 2 jump bas; 10 blocs polystirene. 2 barre rouge longue; 4 barre rouge courtes ",05/08/2019,
ok,33,Remonte-Balle,R,ADR,ADR,Abimé,6,10,2,Bois,50,3,,,,,Fabrication Licorne,01-05-2014,,,,,,,,,,,,,2014-2015,Animations,,1 plateau ; 2 balles,12/08/2019,
ok,34,Shuffle puck (air hockey),R,ADR,ADR,Bon,6,10,2,Bois,70,3,,,,,,23-07-2015,,,,,,,,,,,,,2015-2016,Animations,"Le palai d'origine, 2 poignets","1 plateau; 1 palet , 2  poignets",12/08/2019,
ok,35,Sky Tango,R,EQU,COM,Bon,8,30,2 - 4,Abstrait,13,1,,,68,,,19-01-2016,,,,,,,,,,,,,2015-2016,Adultes,,"68 cartes, 1 règle",02/08/2019,
ok,36,Tous à l'assaut,R,HAS,HAS,Bon,4,20,2 - 4,Médiéval,20,2,,,,,,01-09-2014,,,,,,,,,,,,,2014-2015,Enfants,,"1 fond de boite/chateau, 4 murs, 20 chevaliers colorés, 27 cartes trésor, 4 plaquettes couleur, 2 dés, 1 règle",02/08/2019,
ok,37,Mon premier trésor de jeux,R,PAR,PAR,Bon,3,20,2 - 4,Animaux,36,2,,,32,,,23-07-2015,,,,,,,,,,,,,2015-2016,Enfants,"1 étoiles, 2 prunes",2 plateau de jeux + 3 chevaux + 3 vaches + 3 moutons + 3 cochons + 2 pommes rouge + 2 prunes + 2 oeufs + 2 portions de fromage + 2feuille de salade + 2 carrotes + 1 fermier + 1 dè + 1dès multicolors + 6 étoiles + 1 lunes + 1règle du jeu + 32 cartes de jeu + 32 cartes de jeux mémories/près étable + 4 listes de courses + plaquettes ferme,12/08/2019,
ok,38,Othello,R,COM,COM³,Usé,8,60,2,Abstrait,20,2,,,,,Don Romain,01-09-2014,,,,,,,,,,,,,2014-2015,Adultes,,1 plateau; 64 pieces,12/08/2019,
,39,Ou pas houpa,R,EXP,EXP,Proto,10,60,2 - 6,Abstrait,0,1,,,,,Don auteur (proto),01-09-2014,,,,,,,,,,,,,2014-2015,Adultes,,,,
ok,40,Ouga Bouga,R,EXP,EXP,Bon,7,30,3 - 8,Préhistoire,10,1,,,,,,19-01-2016,,,,,,,,,,,,,2015-2016,Adultes,,"52 cartes, rêgles",08/09/2019,
ok,41,Perplexus - Original,R,ADR,ADR,Bon,8,30,1,Labyrinthe,23,2,,,0,,,19-01-2016,,,,,,,,,,,,,2015-2016,Adultes,,Le jeu,12/08/2019,
ok,42,Perudo,R,HAS,HAS,Bon,8,30,2 - 6,Abstrait,20,2,,,,,,19-01-2016,,,,,,,,,,,,,2015-2016,Adultes,,6 gobelets + 45 dès + 1 sachet ,01/08/2019,
,43,Petit prince (Le),R,COM,COM,Bon,8,25,2 - 5,Science Fiction,18,1,,580,,,,01-09-2014,http://www.trictrac.net/jeu-de-societe/le-petit-prince/infos,Le Petit Prince,2013,Antoine Bauza,http://img3.trictrac.net/generate/default_100_100/1364234645.r70wPV.png,Bruno Cathala,,,,,,,2014-2015,Adultes,8 tuiles,88 tuiles (60*60) + 5 pions,09/08/2019,
,44,Photo Party,R,EXP,EXP,Bon,6,20,3 - 10+,Abstrait,10,1,,,,,Don de Sandrine,01-09-2014,,,,,,,,,,,,,2014-2015,Enfants,,46 cartes épreuve ; 3 cartes régles,29/07/2019,
,45,Pictionary,R,EXP,EXP,Usé,6,30,4 - 8,Abstrait,40,3,,,,,Don Damiem,01-09-2014,,,,,,,,,,,,remplacer crayons + blocs papier,2014-2015,Enfants,2 crayons,206 cartes; 4 cartes catégorie; 4 crayons; 4 blocs papier; 1 plateau; 4 cubes; 1 sablier; 1dé a point; 1 dé challenge,02/08/2019,
ok,46,Pictureka,R,ASS,ASS,Usé,6,25,2 +,Abstrait,38,2,,980,220,56*88,,01-09-2014,http://www.trictrac.net/jeu-de-societe/pictureka--0/infos,Pictureka !,2008,Eugene,http://img2.trictrac.net/generate/default_100_100/1359042818.I8Ydq.jpg,Arne Lauwers,,,,,,,2014-2015,Adultes,,1 tapis de jeu + 1 plateau + 2 pinguins + 30 pions  + 6 boites,31/07/2019,
serait vendu,47,Poker des cafards (Le),R,EXP,EXP,Bon,8,30,2 - 6,Animaux,10,1,oui,,64,,,19-01-2016,,,,,,Zeimet,,,,,,,2015-2016,Adultes,,"64 cartes, regles",09/08/2019,
ok,48,Premier verger (mon),R,COO,HAS,Bon,2,30,1 - 4,Fruits,23,2,,,,,,19-01-2016,,,,,,,,,,,,,2015-2016,Enfants,,1 panier de fruit ; 16 fruit; 5 tuiles chemin; 4 rond; 1 dé,02/08/2019,
ok,49,Princesse au petit pois (La),R,ADR,ADR,Bon,3,20,2 - 4,Médiéval,20,2,,,,,,01-09-2014,,,,,,,,,,,,,2014-2015,Enfants,,"1 princesse, 1 petit pois, 4 garnitures de lit, 1 plateau de jeu, 1 lit, 1 dé et regle",02/08/2019,
ok,50,Qwirkle,R,COM,COM,Bon,6,30,2 - 4,Abstrait,32,2,,,,,,01-09-2014,,,,,,,,,,,,,2014-2015,Adultes,,108 tuiles ; 1 sac ; 1 règle,26/08/2019,
ok,51,Roi des Nains (Le),R,COM,COM,Usé,10,30,3 - 5,Fantasy,14,1,,315,53,62*113,,01-09-2014,http://www.trictrac.net/jeu-de-societe/le-roi-des-nains/infos,Le Roi des Nains,2011,Swal,http://img2.trictrac.net/generate/default_100_100/1370003455.Y70bn.jpeg,Bruno Faidutti,,,,,,,2014-2015,Adultes,2 tuiles de quète,39 cartes de base + 14 cartes spéciales + 20 tuiles quêtes ,31/07/2018,
ok,52,Shinobi Wat-aah,R,COM,COM,Bon,10,30,2 - 4,Asie,25,2,,660,94,62*113,,01-10-2014,http://www.trictrac.net/jeu-de-societe/shinobi-wat-aah/infos,Shinobi Wat-AAH!,2014,Naïade,http://img4.trictrac.net/generate/default_100_100/1377510124.P3VuW8e.png,Théo Rivière,,,,,,,2014-2015,Adultes,,63*88 pour autres cartes + 1 plateau + 48 pions +5 jetons,01/08/2019,
ok,53,Sushi dice,R,COM,COM,Bon,6,15,2 - 6,Asie,19,1,,295,19,63*88,,01-10-2014,http://www.trictrac.net/jeu-de-societe/sushi-dice/infos,Sushi Dice,2014,Aoulad,http://img.trictrac.net/generate/default_100_100/1364159993.1N531.gif,Henri Kermarrec,,,,,,,2014-2015,Adultes,,"12 dés et une sonnette, 1 règle de jeu, 19 cartes",02/08/2019,
ok,54,Takenoko géant,R,COM,COM,Bon,8,45,2 - 4,Asie,350,3,,,,,Participation : Guilde du Jeu,01-10-2014,http://www.trictrac.net/jeu-de-societe/takenoko-geant/infos,Takenoko géant,2013,Nicolas Fructus,"http://img2.trictrac.net/generate/default_100_100/1364143905.Wyy29.jpeg
http://img.trictrac.net/generate/default_100_100/1364158493.LsPi6e.jpeg",Antoine Bauza,,,,,,,2014-2015,Adultes,1 règle de jeu,"28 tuiles terrain, 31 bambous verts, 30 bambous jaunes, 24 bambous roses, 20 baton irrigation, 9 jetons aménagement, 46 cartes objectif, 4 plateaux individuels, 8 jetons action, 1 dé météo, 1 panda, 1 jardinier, 1 règle de jeu",12/08/2019,
A vendre,55,Wu xing,R,ADR,ADR,Bon,8,10,2 - 6,Asie,11,1,oui,131,60,66*66,,01-10-2014,http://www.trictrac.net/jeu-de-societe/wuxing/infos,WuXing,2014,Peter Desfertilles,,Antoine Riot,,,,,,,2014-2015,Adultes,,régle ; 60 cartes,30/07/2019,
ok,56,6 qui prend,R,COM,COM,Bon,10,30,2 - 10,Animaux,11,1,,256,104,57*88,,01-10-2014,http://www.trictrac.net/jeu-de-societe/6-qui-prend--2/infos,6 qui prend !,2012,Franz Vohwinkel,"http://img2.trictrac.net/generate/default_100_100/1367829433.RkWy0q6v.jpeg
http://img4.trictrac.net/generate/default_100_100/1364137881.FcX95Nc.jpeg",Wolfgang Kramer,,,,,,,2014-2015,Adultes,,"104 cartes, 1 règle + extension",09/08/2019,
,57,6 qui prend,R,COM,COM,Bon,10,30,2 - 10,Animaux,11,1,,256,104,57*88,,01-10-2014,http://www.trictrac.net/jeu-de-societe/6-qui-prend--2/infos,6 qui prend !,2012,Franz Vohwinkel,"http://img2.trictrac.net/generate/default_100_100/1367829433.RkWy0q6v.jpeg
http://img4.trictrac.net/generate/default_100_100/1364137881.FcX95Nc.jpeg",Wolfgang Kramer,,,,,,,2014-2015,Adultes,,"104 cartes, 1 règle + extension",06/08/2019,
ok,58,Banzai,R,ASS,ASS,Bon,7,20,3 - 12,Animaux,18,1,,230,62,,,01-10-2014,http://www.trictrac.net/jeu-de-societe/banzai-0/infos,Banzaï,2010,Franck Drevon,http://img4.trictrac.net/generate/default_100_100/1364147436.kBu9lXeI.jpeg,Tom Berjoan,,,,,,,2014-2015,Adultes,,"11 pions, 62 cartes, 1 règle de jeu",02/08/2019,
ok,59,Chasse aux Gigamons (La),R,ASS,ASS,Bon,5,30,2 - 4,Fantasy,19,1,,,,,,19-01-2016,,,,,,,,,,,,,2015-2016,Enfants,,7 gigamons + 3 rochers + 42 tuiles + 1 règle,06/08/2019,
ok,60,Chasse aux monstres,R,ASS,ASS,Bon,3,20,2 - 5,Fantasy,18,1,,,,,,23-07-2015,,,,,,,,,,,,,2015-2016,Enfants,1 dés et jetons avion,"1 règle, 20 cartes monstre, 10 tuiles jouet, 2 tuiles expert, 3 tuiles progression monstres, 1 boite/placard",31/07/2019,
ok,61,Clac clac,R,ASS,ASS,Bon,4,15,2 - 6,Abstrait,24,2,,,,,,01-10-2014,,,,,,Haim Shafir,,,,,,,2014-2015,Adultes,,36 discs + 1 dès symbol + 1 dès couleurs + 1 règle de jeu,02/08/2019,
ok,62,Crazy cups,R,ASS,ASS,Bon,6,20,2 - 4,Abstrait,18,1,,415,24,57*88,,01-10-2014,http://www.trictrac.net/jeu-de-societe/crazy-cups/infos,Crazy Cups,2013,,"http://img2.trictrac.net/generate/default_100_100/1367829433.RkWy0q6v.jpeg
http://img4.trictrac.net/generate/default_100_100/1364137881.FcX95Nc.jpeg",Haim Shafir,,,,,,,2014-2015,Adultes,,20 gobelets + 1 sonette + 24 cartes,01/08/2019,
ok,63,Crazy cups extension,R,ASS,ASS,Passable,6,20,2 - 4,Abstrait,10,1,,,,57*88,,01-10-2014,http://www.trictrac.net/jeu-de-societe/crazy-cups/infos,Crazy Cups,2013,,"http://img2.trictrac.net/generate/default_100_100/1367829433.RkWy0q6v.jpeg
http://img4.trictrac.net/generate/default_100_100/1364137881.FcX95Nc.jpeg",Haim Shafir,,,,,,,2014-2015,Adultes,10 gobelets 1 cartes,19 cartes,01/08/2019,
ok,64,Crazy Time,R,REF,REF,Bon,10,30,4 - 8,Steampunk,13,1,,,110,,,18-01-2016,,,,,,,,,,,,,2015-2016,Adultes,,110 cartes,09/08/2019,
ok,65,Danse des œufs (La),R,ADR,ADR,Usé,6,10,2 - 4,Animaux,20,2,,773,,,,01-10-2014,http://www.trictrac.net/jeu-de-societe/la-danse-des-oeufs/infos,La danse des oeufs,2013,Martina Leykamm,http://img3.trictrac.net/generate/default_100_100/1359042025.6F2YE.jpg,Roberto Fraga,,,,,,,2014-2015,Enfants,Oeuf en bois + 1 oeuf en plasitque,1 œuf en bois + 9 œufs en caoutchou + 2 dés,30/07/2019,
ok,66,Défi de chevalier,R,ASS,ASS,Bon,5,10,2 - 4,Médiéval,12,1,,375,,,,01-10-2014,http://www.trictrac.net/jeu-de-societe/defis-de-chevalier/infos,Défis de Chevalier,2014,Michael Menzel,http://img3.trictrac.net/generate/default_100_100/1359042025.6F2YE.jpg,Johannes Zirm,,,,,,,2014-2015,Enfants,,36 tuiles triangulaires + 1 jeton chevalier + 18 tuiles carrées,02/08/2019,
ok,67,Descendance,R,REF,REF,Bon,10,120,2 - 4,Médiéval,32,2,,,,,,18-01-2016,,,,,,,,,,,,,2015-2016,Adultes,,44 meeples famille (4*11 ) 4 moines noirs; 1 marqueurs 1 er joueur;40 tuiles marchandes; 24 tuiles clients; 15 pieces; 20 sacs de grains; 3 cartes mise en place; 1 cartes résumé de messe; 32 marqueurs; 72 cubes d'influences; 2 sacs; 4 ferme; 1 plateu; 6 cubes pestes,09/08/2019,
ok,68,Dicetown,R,COM,COM,Bon,8,45,2 - 5,Western,30,2,,910,44,88*58,,01-10-2014,http://www.trictrac.net/jeu-de-societe/dice-town/infos,Dice Town,2009,Ludovic Maublanc,http://img2.trictrac.net/generate/default_100_100/1364143905.Wyy29.jpeg,Bruno Cathala,,,,,,,2014-2015,Adultes,,1 plateau de jeu + 5 gobelets + 25 dés + 43 billets + 30 pepites + étoile de shérif + 44 cartes,06/08/2019,
ok,69,Dobble,R,ASS,ASS,Bon,6,10,2 - 8,Abstrait,14,1,,160,55,85,,01-10-2014,http://www.trictrac.net/jeu-de-societe/dobble/infos,Dobble,2009,Denis Blanchot,http://img2.trictrac.net/generate/default_100_100/1364147704.J4vzw.jpeg,Igor Polouchine,,,,,,,2014-2015,Adultes,,55 cartes,01/08/2019,
ok,70,Dobble Kids,R,ASS,ASS,Bon,4,20,2 - 5,"Animaux
",11,1,,,,,,23-07-2015,,,,,,,,,,,,,2015-2016,Enfants,,30 cartes,01/08/2019,
ok,71,Hand's Up,R,ADR,ADR,Bon,6,15,2 - 8,Abstrait,10,1,,,,,,01-10-2014,http://www.trictrac.net/jeu-de-societe/hands-up/infos,Hands Up,2002,Uwe Schildmeier,http://img2.trictrac.net/generate/default_100_100/1364137998.K9nNL.png,Jacques Zeimet,,,,,,,2014-2015,Adultes,,58 cartes; régles,01/08/2019,
,72,Jeu des cochons géant,R,HAS,HAS,Cassé,8,20,2 - 6,Animaux,15,1,,,,,Sandrine,01-10-2014,,,,,,,,,,,,,2014-2015,Enfants,,,,
ok,73,Play me ,R,COM,COM,Bon,8,10,2 - 6,Alice au Pays des Meveilles,20,2,,216,6,110*78,,05-10-2014,http://www.trictrac.net/jeu-de-societe/play-me-alice-au-pays-des-merveilles/infos,Play Me : Alice au pays Dés-Merveilles,2014,Samir Guessab,,Aldebaran Geneste,,,,,,,2014-2015,Adultes,,36 dés + 1 tuile carré 110*110 + 1 tuile ronde 100,31/07/2019,
ok,74,Maitre renard,R,ASS,ASS,Bon,7,20,2 - 4,Animaux,24,2,,441,8,78*109,,01-02-2015,http://www.trictrac.net/jeu-de-societe/maitre-renard-0/infos,Maître Renard,2015,Charlène Le Scanff,http://img3.trictrac.net/generate/default_100_100/1380887464.Q32eV.jpeg,Frédéric Vuagnat,,,,,,,2014-2015,Enfants,3 oeufs,Règles + 4 masques + 8 cartes missions + 24 pions butin + 5 pions ruse + 30 pions ooeuf,02/08/2019,
ok,75,Hop la bille,R,ADR,ADR,Bon,6,20,2 - 4,Ecole,21,2,,280,14,84*56,F. Toscano,01-02-2015,http://www.trictrac.net/jeu-de-societe/hop-la-bille/infos,Hop la bille,2013,Tony Rochon,http://img4.trictrac.net/generate/default_100_100/1370440372.51af42b421609.jpg,Florent Toscano,,,,,,,2014-2015,Adultes,,"20 billes, 1 Plateau tissu, 14 cartes, 1 règle",30/07/2015,
ok,76,Hop la puce,R,ADR,ADR,Bon,6,15,2 - 4,Ecole,21,2,,152,12,56*85,F. Toscano,01-02-2015,http://www.trictrac.net/jeu-de-societe/hop-la-puce/infos,Hop la puce,2014,Tony Rochon,http://img4.trictrac.net/generate/default_100_100/1370440372.51af42b421609.jpg,Florent Toscano,,,,,,,2014-2015,Adultes,1 puce rouge,15 puces + 4 lanceurs + 2 anneaux + 1 livret,30/07/2019,
ok,77,Il était une forêt,R,COM,COM,Bon,7,15,2 - 4,Nature,15,1,,175,66,56*85,F. Toscano,01-02-2015,http://www.trictrac.net/jeu-de-societe/il-etait-une-foret/infos,Il était une forêt,2013,David Boniffacy,http://img4.trictrac.net/generate/default_100_100/1370440372.51af42b421609.jpg,Florent Toscano,,,,,,,2014-2015,Adultes,,66 cartes,09/08/2017,
ok,78,Kapla,,,,,,,,,0,,,,,,Prêt d'Hélène,01-02-2015,,,,,,,,,,,,,,,,,,
ok,79,King of New York,R,REF,REF,Bon,10,45,2 - 6,Monstres,32,2,,,66,,,01-02-2015,,,,,,,,,,,,,2014-2015,Adultes,,1 plateau +  46 marqueurs + 6 dés noirs et 2 dés verts + 6 fiches monstre + 6 figurines +6 socles + 50 cubes verts +45 tuiles + 66 cartes,31/07/2019,
ok,80,King's Gold ,R,HAS,HAS,Bon,8,15,2 - 6,Pirates,14,1,,,,,,01-02-2015,,,,,,,,,,,,,2014-2015,Adultes,2 pièces,5 dès ; 60 pièces ; 1 règle du jeu,26/08/2019,
ok,81,Lewis & Clark,R,PAR,PAR,Bon,10,90,1 - 5,Western,40,3,,,84,,Don d'Asmodee,01-02-2015,,,,,,,,,,,,,2014-2015,Adultes,,"1 plateau + 5 plateaux individuels + 12 tuiles bateau + 5 pio,s éclaireur + 5 jetons camp + 100 hexagones ressource + 8 jetons multiplicateurs + 18 pions indiens + 10 jetons modification de parcours + 8 jetons ressource",02/08/2019,
ok,82,Lincoln,R,COM,COM,Bon,8,10,3 - 6,Western,11,1,,120,45,76*76,Don de F. Toscano,01-02-2015,http://www.trictrac.net/jeu-de-societe/lincoln-se-met-au-vert/infos,Lincoln se met au vert,2014,Jérôme Jouvray,http://img4.trictrac.net/generate/default_100_100/1370440372.51af42b421609.jpg,Florent Toscano,,,,,,,2014-2015,Adultes,,"6 cartes personnages, 39 cartes jeux",01/08/2019,
ok,83,Lords of Xidit,R,REF,REF,Bon,14,90,3 - 5,Fantasy,45,3,,1770,,,,01-02-2015,http://www.trictrac.net/jeu-de-societe/lords-of-xidit/infos,Lords of Xidit,2014,Stéphane Gantiez,http://img.trictrac.net/generate/default_100_100/1364149318.n1l5W7.png,Régis Bonnessée,,,,,,,2014-2015,Adultes,,"70 figs + 75 étages de batiments + 60 pièces + 100 jetons + 3 tuiles de décomptes + 
1 plateau + 39 tuiles cité + 6 tuiles coloce + 5 paravents + 5 pions joueurs +
 5 plaquettes de prog + 5 marqueurs ordre + 18 marqueurs score + 1 premier joueur + 
2 marqueurs vide + 1 pion année + 1 bastion +3 tuiles calendrier",09/08/2019,
ok,84,Love letters,R,EXP,EXP,Bon,8,30,2 - 4,Médiéval,9,1,,,,,,23-07-2015,,,,,,,,,,,,,2015-2016,Adultes,,"16 cartes, 12 cubes rouge, 4 aides de jeu",09/08/2019,
ok,85,Medieval academy,R,REF,REF,Bon,8,30,2 - 5,Médiéval,27,2,,610,52,64*88,Sandrine,01-02-2015,http://www.trictrac.net/jeu-de-societe/medieval-academy-0/infos,Medieval Academy,2014,Piérô La lune,http://img2.trictrac.net/generate/default_100_100/1373477621.m8qhAk.png,Nicolas Poncin,,,,,,,2014-2015,Enfants,1 coupe + 1 pions rouleau en plus; - 1 blason,"50 pions +  1 parchemin + 1 pion sablier + 1 pions excalibur + 108 blasons + 
1 carte challenge + 1 coupe + 1 carte etude + 2 pions + 1 carte ordre du jour ",06/08/2019,
ok,86,Menteur (le),R,EXP,EXP,Usé,7,15,2 - 6,Famille,15,1,,,,,Don de Damien,01-02-2015,,,,,,,,,,,,,2014-2015,Enfants,,28 cartes famille + 4 cartes tante carabosse + 1 plache de jeu + 1 régle,29/07/2019,
ok,87,Merlin Zinzin,R,PAR,PAR,Bon,7,30,2 - 6,Fantasy,24,2,,,,,,23-07-2015,,,,,,,,,,,,,2015-2016,Enfants,,1 plateau 1 piste sortilege ; 5 jetons perszo ; 1 dé ; 1 sablier ; 3 jetons sortiléges ; 16 cartes,31/07/2019,
ok,88,Migrato,R,COM,COM,Bon,9,15,2,Animaux,15,1,,160,55,56*84,F. Toscano,01-02-2015,http://www.trictrac.net/jeu-de-societe/migrato/infos,Migrato,2013,David Boniffacy,http://img4.trictrac.net/generate/default_100_100/1370440372.51af42b421609.jpg,Florent Toscano,,,,,,,2014-2015,Adultes,5 cartes oiseaux en plus,55 cartes et rêgles,09/08/2019,
ok,89,Batisseur antiquité,R,COM,COM,Bon,10,30,2 - 4,Antiquité,14,1,,285,37,88*63,Asmodee,01-03-2015,http://www.trictrac.net/jeu-de-societe/les-batisseurs-antiquite/infos,Les Bâtisseurs - Antiquité,2014,Sabrina Miramon,http://img.trictrac.net/generate/default_100_100/1364158493.LsPi6e.jpeg,Frédéric Henry,,,,,,,2014-2015,Adultes,"1 pièce d'or en plus
1 pièce argent en plus","40 Pièces + 33 cartes carré 88*88 + 37 cartes rectangulaires + 1 livret de règles
",09/08/2019,
ok,90,Carcassonne,R,COM,COM,Bon,8,45,2 - 5,Médiéval,25,2,,,,,,01-03-2015,,,,,,,,,,,,,2014-2015,Adultes,2 Meeple rouge en trop et 5 tuiles en -,"84 tuiles (1er tuile, 12 rivieres )+ 40 meeples + 5 abbés + 1 plateau de compte",23/08/2019,
serait vendu,91,Elysium,R,REF,REF,Bon,14,60,2 - 4,Antiquité,40,3,oui,1190,168,88*63,Asmodee,01-03-2015,http://www.trictrac.net/jeu-de-societe/elysium-0/infos,Elysium,2015,Matthew Dunstan,http://img3.trictrac.net/generate/default_100_100/1376665949.sTmg1F.jpeg,Brett J. Gilbert,,,,,,,2014-2015,Adultes,,"temple en 2 parties + 1 plateau oracle + 16 colonnes d'influence + 6 tuiles quête + 
4 disques ordre de tour + 1 jeton blanc + 12 anneaux + 4 plateaux de jeu individuel + 
4 aides de jeu + 19 jetons bonus + 40 jetons or + 25 jetons prestige + 45 points de victoire",09/08/2019,
ok,92,Loony quest,R,ADR,ADR,Usé,8,20,2 - 5,Abstrait,27,2,,930,,,Asmodee,01-03-2015,http://www.trictrac.net/jeu-de-societe/loony-quest/infos,Loony Quest,2014,David Franck,http://img.trictrac.net/generate/default_100_100/1364149318.n1l5W7.png,Laurent Escoffier,,,,,,voir remplacement feutre et transparent,2014-2015,Adultes,,"5 écrans transparents + 5 plaquettes support + 5 feux effacables + 1 console jeu + 
1 sablier de 30s + 5 marqueurs score + 5 jetons perso + 28 jetons bonus, 24 jetons malus",30/07/2019,
ok,93,Loony quest,R,ADR,ADR,Usé,8,20,2 - 5,Abstrait,27,2,,930,,,Asmodee,01-03-2015,http://www.trictrac.net/jeu-de-societe/loony-quest/infos,Loony Quest,2014,David Franck,http://img.trictrac.net/generate/default_100_100/1364149318.n1l5W7.png,Laurent Escoffier,,,,,,,2014-2015,Enfants,,"5 écrans transparents + 5 plaquettes support + 5 feux effacables + 1 console jeu + 
1 sablier de 30s + 5 marqueurs score + 5 jetons perso + 28 jetons bonus, 24 jetons malus",12/08/2019,
ok,94,Minivilles + extension Marina + extension Green Valley,R,REF,REF,Bon,7,30,2 - 4,Ville,43,3,,527,248,88*57,Asmodee,01-03-2015,http://www.trictrac.net/jeu-de-societe/minivilles/infos,Minivilles,2014,Noboru Hotta,http://img.trictrac.net/generate/default_100_100/1364156226.qZn8P6.jpeg,Masao Suganuma,,,,,,,2014-2015,Adultes,,2 dés + 54 pièces +248 cartes et 3 règles,01/08/2019,
ok,95,Sushi go,R,COM,COM,Bon,8,20,2 - 5,Asie,14,1,,,108,,Asmodee,01-03-2015,,,,,,,,,,,,,2014-2015,Adultes,1 carte sushimis,108 cartes,09/08/2019,
ok,96,Maxi mind,R,COM,COM,Abimé,7,20,2,Bois,90,3,,,,,,23-07-2015,,,,,,,,,,,,prévoir billes + remplacement fermoir,2015-2016,Animations,"Billes 6 blanche, 7 bleu, 7 jaune, 3 verte","13 billes de chaque couleurs (blanc, bleu, vert ,jaune)",12/08/2019,
,97,Mikado Géant,,,,Bon,5,15,2 - 4,Bois - hors inventaire,0,1,,,,,,01-03-2015,,,,,,,,,,,,,2014-2015,Animations,,,,
ok,98,Mini bowling,R,ADR,ADR,Bon,6,15,2 - 4,Bois,90,3,,,,,,23-07-2015,,,,,,,,,,,,,2015-2016,Animations,,,,
ok,99,Minivilles + extension Marina,R,REF,REF,Bon,7,30,2 - 4,Ville,33,2,,420,176,88*57,,01-03-2015,http://www.trictrac.net/jeu-de-societe/minivilles/infos,Minivilles,2014,Noboru Hotta,http://img.trictrac.net/generate/default_100_100/1364156226.qZn8P6.jpeg,Masao Suganuma,,,,,,,2014-2015,Adultes,1 piéces,2 dés + 54 pièces+176 cartes et 2 règles,06/08/2019,
ok,100,Mito,R,EXP,EXP,Bon,7,30,3 - 5,Animaux,10,1,,,,,,19-01-2016,,,,,,,,,,,,,2015-2016,Adultes,1 carte araignée ; 1 carte nombre,72 cartes (20 cartes action ; 43 cartes nombres ; 8 cartes mito ; 1 carte punaise) ; règle du jeu,,
ok,101,Pandémie le remède,R,COO,COM,Bon,8,45,2 - 5,Maladie,36,2,,,17,,,01-03-2015,,,,,,,,Filosofia,,,,,2014-2015,Adultes,,48 dés maladie + 1 sac + 7 pions + 6 tuiles région rondes + 1 centre de traitement + 2 seringues + 1 tuile CDC ronde + 37 dés joueurs,06/08/2019,
ok,102,Five Tribes,R,REF,REF,Bon,13,60,2 - 4,Moyen Orient,49,3,,1300,54,44*68,Asmodee,01-04-2015,http://www.trictrac.net/jeu-de-societe/five-tribes-0/infos,Five Tribes,2014,Clément Masson,http://img.trictrac.net/generate/default_100_100/1364140735.9tM1L.jpeg,Bruno Cathala,,Haba,,,,,2014-2015,Adultes,"1 pièce de 5 en trop
1 pièce de 1","5 aides de jeu + bloc score + 2 sets (8 chameaux et 1 pion enchère)+ 2 sets (11 chameaux et 2 pions enchère)+
1 piste ordre enchères + 1 pistes ordre jeu + 90 meeples en bois + 12 palmiers + 10 palais + 
1 sac de rangement + 30 tuiles + 22 cartes Djinn (80*80) + 96 pieces d'or",31/07/2019,
ok,103,Five Tribes,R,REF,REF,Bon,13,60,2 - 4,Moyen Orient,49,3,,1300,54,44*68,Asmodee,01-04-2015,http://www.trictrac.net/jeu-de-societe/five-tribes-0/infos,Five Tribes,2014,Clément Masson,http://img.trictrac.net/generate/default_100_100/1364140735.9tM1L.jpeg,Bruno Cathala,,Haba,,,,,2014-2015,Adultes,,"5 aides de jeu + bloc score + 2 sets (8 chameaux et 1 pion enchère)+ 2 sets (11 chameaux et 2 pions enchère)+
1 piste ordre enchères + 1 pistes ordre jeu + 90 meeples en bois + 12 palmiers + 10 palais + 
1 sac de rangement + 30 tuiles + 22 cartes Djinn (80*80) + 96 pieces d'or",09/08/2019,
ok,104,Animal suspect,R,EXP,EXP,Bon,8,20,3 - 8,Animaux,18,1,,481,120,43*72,,01-04-2015,http://www.trictrac.net/jeu-de-societe/animal-suspect/infos,Animal suspect,2014,Nathalie Grandperrin,http://img2.trictrac.net/generate/default_100_100/1367829433.RkWy0q6v.jpeg,Bruno Faidutti,,Gigamic,,,,,2014-2015,Adultes,,"1 gobelet avec dé, 1 plateau et 1 canard , 60 cartes animal, 60 carte expression",02/11/2025,
ok,105,Abracada quoi ?,R,COM,COM,Bon,7,30,2 - 5,Fantasy,27,2,oui,,,,Asmodee,01-05-2015,,,,,,,,Moonster Games,,,,,2014-2015,Enfants,,36 pierres magiques; 30 PV; 5 pions scores; 1 dé; 1 plateau; 5 aides ; 1 régles,06/08/2019,
ok,106,Croc,R,REF,REF,Correct,8,25,2 - 6,Pirates,14,1,,,,,Asmodee,01-05-2015,,,,,,,,Bombyx,,,,,2014-2015,Adultes,,6 pirates + 1 requin affamé + 42 cartes de 6 couleurs,01/08/2019,
ok,107,Devino,R,EXP,EXP,Bon,14,20,2 - 12,Abstrait,10,1,,180 gr,45,80*80,Asmodee,01-05-2015,,,,,,,,Jeux de NIM,,,,,2014-2015,Adultes,,"45 cartes de jeu, 3 cartes règle",08/11/2018,
ok,108,Game over,R,ASS,ASS,Usé,5,20,2 - 4,Fantasy,10,1,,,,,Asmodee,01-05-2015,,,,,,,,Haute Roche,,,,,2014-2015,Enfants,,"1 règle de jeu, 33 cartes",,
ok,109,Game over,R,ASS,ASS,Usé,5,20,2 - 4,Fantasy,10,1,,,,,Asmodee,01-05-2015,,,,,,,,Haute Roche,,,,,2014-2015,Adultes,,"1 règle de jeu, 33 cartes",31/07/2019,
ok,110,Kalifico,R,EXP,EXP,Bon,8,20,3 - 8,Abstrait,19,1,,220 gr,110,87*56,Asmodee,01-05-2015,,,,,,,,Repos Production,,,,,2014-2015,Adultes,,"1 regle, 1 sonnette, 110 cartes, 1 sac.",02/08/2019,
ok,111,Skull,R,EXP,EXP,Usé,10,20,3 - 6,Abstrait,14,1,,,,,Asmodee,01-05-2015,,,,,,,,Lui-Même,,,,,2014-2015,Adultes,,"24 disques, 4 plaques carrées, 1 règle",01/08/2019,
a vendre,112,Sylvion,R,REF,REF,Bon,12,45,1 - 2,Nature,18,1,oui,,188,,Asmodee,01-05-2015,,,,,,,,Zman Games,,,,,2014-2015,Adultes,,64 cartes sylvestre + 64 cartes ravages + 16 cartes elemental embrasé + 12 cartes orée + 32 cartes extension + le feu +règle,31/07/2019,
ok,113,Black fleet,R,REF,REF,Bon,10,60,3 - 4,Pirates,30,2,,1586,124,90*64,Asmodee,01-06-2015,http://www.trictrac.net/jeu-de-societe/black-fleet/infos,Black Fleet,2014,Denis Zilber,http://img3.trictrac.net/generate/default_100_100/1376665949.sTmg1F.jpeg,Sebastian Bleasdale,,Space Cowboys,,,,,2014-2015,Adultes,,1 plateau + 10 bateaux + 65 cubes + 30 doublons,01/08/2019,
ok,114,Black fleet,R,REF,REF,Sous Blister,10,60,3 - 4,Pirates,30,2,,1586,124,90*64,Asmodee,01-06-2015,http://www.trictrac.net/jeu-de-societe/black-fleet/infos,Black Fleet,2014,Denis Zilber,http://img3.trictrac.net/generate/default_100_100/1376665949.sTmg1F.jpeg,Sebastian Bleasdale,,Space Cowboys,,,,,2014-2015,Adultes,,1 plateau + 10 bateaux + 65 cubes + 30 doublons,01/09/2019,
ok,115,Bourricot,R,ADR,ADR,Usé,5,10,2 - 4,Animaux,20,2,,,,,Don de Sylvie,01-06-2015,,,,,,,,Hasbro,,,,,2014-2015,Enfants,3 objets,1 regle; 1 support ; 1 bourricot ; 13 objets,30/07/2019,
ok,116,Cardline dino,R,COM,COM,Bon,7,20,2 - 6,Dinosaures,14,1,,260 g,110,87*56,Asmodee,01-06-2015,,,,,,,,Bombyx,,,,,2014-2015,Adultes,,"1 regle , 110 carte",06/08/2019,
ok,117,Cash & guns,R,EXP,EXP,Bon,10,20,4 - 8,Bandits,27,2,,,,,Asmodee,01-06-2015,,,,,,,,Repos Production,,,,,2014-2015,Adultes,1 pisolets mousse + 16 cartes pouvoirs,"1 règle, 8 pistolets, 18 jetons blessure, 9 socles, 8 personnages, 1 tuile bureau, 1 bureau parrain, 1 bonus diament, 16 cartes pouvoir, 64 cartes cartes balle, 64 cartes part de butin",06/08/2019,
ok,118,Cash & guns,R,EXP,EXP,Bon,10,20,4 - 8,Bandits,27,2,,300 g,144,60*12; 63*87; 45*67,Asmodee,01-06-2015,,,,,,,,Repos Production,,,,,2014-2015,Adultes,,"1 règle, 8 pistolets, 18 jetons blessure, 9 socles, 8 personnages, 1 tuile bureau, 1 bureau parrain, 1 bonus diament, 16 cartes pouvoir, 64 cartes cartes balle (24 bang, 40 clic), 64 cartes part de butin (15 billets 5 000; 15 billets de 10 000; 10 billetss de 20 000; 9 diamants (5*1000; 3* 5000, 1* 10 000); 10 tableau; 3 chargeurs",06/08/2019,
,119,Minuscule,,PAR,PAR,Bon,8,20,2 - 6,Animaux,0,1,,,,,Asmodee,01-06-2015,,,,,,,,Bombyx,,,,,2014-2015,Adultes,,"56 cartes, 3 pions fourmis, 7 insectes, 8 socles (dont 1 noir)",,
serait vendu,120,Shashawa,R,COM,COM,Bon,5,15,4 - 10,Animaux,11,1,oui,,44,,Asmodee,01-06-2015,,,,,,,,Haute Roche,,,,,2014-2015,Adultes,3 jetons,44 cates + 1 livret + 48 jetons ,30/04/2019,
a vendre,121,Tichu,R,COM,COM,Bon,10,60,4,Asie,14,1,oui,,,,Asmodee,01-06-2015,,,,,,,,Jeux Opla,,,,,2014-2015,Adultes,,régles; 56 cartes,31/07/2019,
ok,122,Unanimo,R,EXP,EXP,Bon,7,20,3 - 10,Abstrait,12,1,oui,,,,Asmodee,01-06-2015,,,,,,,,Cocktail games,,,,RECOMMANDER UN BLOC DE SCORE,2014-2015,Adultes,,"54 cartes, 1 bloc de score, 4 crayons, 1 règle",29/07/2019,
vendu,123,Traders of Osaka,R,REF,REF,Bon,10,30,2 - 4,Asie,20,2,oui,,108,,Don d'Asmodee,01-06-2015,,,,,,,,Gigamic,,,,,2014-2015,Adultes,,"108 cartes, 27/couleurs + 48 jetons livraisons, 12/couleurs + 4 pions marchands + 4 pions réservation + 1 plateau + 1 règle",01/08/2019,
ok,124,Suprématie,R,REF,REF,Usé,10,150,2 - 6,Commerce,35,2,,,65,,Sylvie,01-06-2015,,,,,,,,?,,,,,2014-2015,Adultes,2 pions marqueurs,"1 Plateau de jeu + 4 dés à 6 faces + 39 Marqueurs en plastique noir + 17 Champignons en plastique noir + 240 Pions armées en plastique (40 par couleur) + 84 Pions bateaux en plastique (14 par couleur) + 1 paquet de billets répartie en coupure de 1, 5, 25, 50, 100, 501 millions et 1 milliard  + 6 cartons de stockage",12/08/2019,
ok,125,Crossing,R,REF,REF,Bon,6,25,3 - 6,Fantasy,20,2,,,,,Asmodee,01-07-2015,,,,,,,,Moonster Games,,,,,2015-2016,Adultes,3 rouges;5 bleus;2 jaune; 12 blanches,"11 tuiles; 60 pierres; 1 sac, 1 régle",02/08/2019,
ok,126,Discoveries,R,PAR,PAR,Bon,14,60,2 - 4,Western,32,2,,,,,Asmodee,01-07-2015,,,,,,,,Ludonaute,,,,,2015-2016,Adultes,,1 plateau; 30 dés ; 55 cartes R/V; 4 plateau individuelle.,02/08/2019,
ok,127,Lords of Scotland,R,COM,COM,Bon,12,45,2 - 5,Médiéval,14,1,,,98,,Asmodee,01-07-2015,,,,,,,,Filosofia,,,,,2015-2016,Adultes,2 jetons pouvoirs,"98 cartes, 9 jetons pouvoirs, 1 jeton initiatique",09/08/2019,
ok,128,Pit,R,EXP,EXP,Bon,8,30,3 - 8,Animaux,19,1,,,,,Asmodee,01-07-2015,,,,,,,,Hasbro,,,,,2015-2016,Adultes,,"1 sonette, 72 cartes vaches + 2 cartes spécial, 1 regles et 1 sac",31/07/2019,
ok,129,Mölkki (mini),R,ADR,ADR,Abimé,8,30,2 - 6,Bois,20,2,,,,,Don Victor et Sandrine,01-08-2015,,,,,,,,/,,,,,2015-2016,Animations,,"12 quilles, 1 baton",12/08/2019,
,130,Camelot,R,COM,COM,Bon,10,45,2 - 5,Médiéval,18,1,,,,,Asmodee,01-09-2015,,,,,,,,Asmodée,,,,,2015-2016,Adultes,,70 cartes de couleurs + 20 cartes de soutiens + 20 cartes d'action + 25 jetons,,
ok,131,Elixir,R,COM,COM,Bon,10,60,3 - 8,Fantasy,19,1,,300g,168,57*88,Asmodee,01-09-2015,,,,,,,,Asmodée,,,,,2015-2016,Adultes,,"56 cartes sortilèges (16 de 1, 24 de 2, 8 de 3, 8 de 4) + 112 carte trouvailles (64 ingredient 16* 4, 39 cartes objets, 9 transactions )+ 1 règle",28/10/2018,
ok,132,Mixmo,R,EXP,EXP,Bon,8,30,2 - 6,Abstrait,19,1,,340 gr,,,Asmodee,01-09-2015,,,,,,,,Asmodée,,,,,2015-2016,Adultes,1 jetons lettre B,"1 regle, 1 sac, 120 jetons lettre",25/11/2018,
ok,133,"Petit prince, voyage vers les étoiles",R,PAR,PAR,Bon,6,30,2 - 6,Science Fiction,25,2,,,,,Asmodee,01-09-2015,,,,,,,,Ludonaute,,,,,2015-2016,Adultes,,8 élements; 3 tronçons ciel; 5 branche avions; 18 tuiles histoire; 12 jetons téléscopes; 36 jetons étoile; 12 cartes grd pére; (par joueurs) = 8 cartes renards; 1 avion; 1 casque,06/08/2019,
ok,134,Souk,R,COM,COM,Bon,8,30,3 - 5,Moyen Orient,14,1,,,105,,Asmodee,01-09-2015,,,,Leyssenne,,Gary kim,,Asmodée,,,,,2015-2016,Adultes,,"105 cartes épices, 5 cartes aides, 1 pion premier joueurs 1 plateau",26/08/2019,
ok,135,Timeline Sports & Loisirs,R,COM,COM,Bon,8,20,2 - 8,Abstrait,14,1,,,,,Asmodee,01-09-2015,,,,,,,,Asmodée,,,,,2015-2016,Adultes,,1 régles ; 110 cartes,,
ok,136,Tour enchantée,R,PAR,PAR,Bon,6,30,2 - 4,Médiéval,30,2,,,,,,01-09-2015,,,,,,,,Gigamic,,,,,2015-2016,Enfants,1 plateau rond,"1 plateau carré, 1 plateau rond, 16 jetons, 1 tour en 2 parties, 3 pions, 2 dé, 1 clé, un support plastique",01/08/2019,
ok,137,Cash & guns extension More Cash more Guns,R,EXP,EXP,Bon,10,20,4 - 8,Bandits,18,1,,340 g,36,63*88;  60*120,Asmodee,01-10-2015,,,,,,,,Repos Production,,,,,2015-2016,Adultes,1 faux billet de10 000 et 1 faux billet de 20 000,"2 régles (uk, fr); 4 pistolets (1 big, 1 small, 2 twin gun); 1 tuiles coffre ; 3 cartes pouvoir; 16 cartes surprises ; 16 cartes butin ( 5 faux 10 000; 5 faux 20 000; 1 tableau; 1 cartes doubles faux diamants; 2 combi coffre;1 valise; 1 clé)",14/10/2018,
ok,138,Flick'em up,R,EQU,ADR,Bon,8,45,2 - 10,Western,59,3,,,,,Asmodee,01-10-2015,,,,,,,,Pretzel Games,,,,,2015-2016,Adultes,1 marqueur PV + 1 marqueur sac d'or,5 cowboys noirs + 5 cowboys natural + 2 figurines neutres +12 chapeaux + 2 box + 10 tuiles cowboys + 6 batiment + 1 potence + 72 arqueurs + 38 autres pièces,02/08/2019,
A vendre,139,Flip Flop,R,COM,COM,Bon,10,30,3 - 4,Abstrait,11,1,oui,,30,,Asmodee,01-10-2015,,,,,,,,Haute Roche,,,,,2015-2016,Adultes,,"30 cartes, 2 dès et regles",31/07/2019,
ok,140,Gallina City,R,ASS,ASS,Bon,6,20,2 - 6,Animaux,10,1,,,56,,Asmodee,01-10-2015,,,,,,,,Cocktail games,,,,,2015-2016,Adultes,,"56 cartes, rêgle",31/07/2019,
ok,141,Mafia de Cuba,R,EQU,EXP,bon(1 bouteille abimée),10,20,6 - 12,Bandits,22,2,,320 g + 120g extan,,,Asmodee,01-10-2015,,,,,,,,Lui-Même,,,,,2015-2016,Adultes,,"10 jetons ronds (5 blanc fideles, 2 bleu agents,2 vert chauffeur, 1 rouge nettoyeur) 2 joker bouteille, 15 diaments, 1 sachet tissus, 1 règle du jeu. extension révolution : 1 regle 6 jetons perso (la croqueuse rose,le traitre et le sbire jaune,2 revolutionnaire beige, l'avocat noir) 1 faux diamant",02/08/2019,
ok,142,Mysterium,R,COO,EXP,Bon,10,60,3 - 7,Enquête,36,2,,,,,Asmodee,01-10-2015,,,,,,,,Libellud,,,,,2015-2016,Adultes,,"6 pions intuitions, 6 étuis, 6 marqueurs clairvoyance, 36 jetons clairvoyance, 1 plateau horloge, 4 plateaux de progression, 1 piste clairvoyance, 1 sablier, 18 cartes médium/perso, 18 cartes médiaum/lieu, 18 cartes médium/objet, 54 cartes fantomes, 6 jetons coupable, 3 corbeaux, 1 paravent, 6 jetons fantomes, 84 cartes visions et 1 rêgle",09/08/2019,
ok,143,Ryu,R,COM,COM,Bon,10,45,2 - 5,Asie,36,2,,,,,Asmodee,01-10-2015,,,,,,,,Moonster Games,,,,,2015-2016,Adultes,,"5 dragons bois, 49 cubes, 1 sac tissu, 5 écran jeu, 14 tuiles plateau, 25 tuiles dragon,5 jetons de prospections;35 jetons marchands; 35 jetons contrebandiers ; 30 gouverneur ;régle 2 cartes rappel",30/07/2019,
ok,144,Statues,R,EXP,EXP,Bon,8,20,3 - 12,Abstrait,14,1,,,,,Asmodee,01-10-2015,,,,,,,,Cocktail games,,,,,2015-2016,Adultes,,1 sablier + 54 cartes donc 7 cartes num + 1 règle,02/08/2019,
ok,145,Taxis de la Marne,R,COM,COM,Bon,10,45,1 - 5,Guerre,14,1,oui,,51,,Asmodee,01-10-2015,,,,,,,,Cocktail games,,,,,2015-2016,Adultes,,"24 cartes taxi,27 cartes soldats et 4 cartes place invalide, 7 jeton taxi, 2 jeton officier, regle",31/07/2019,
ok,146,Timeline Star Wars,R,COM,COM,Bon,8,20,2 - 8,Science Fiction,15,1,,230 gr,110,63*42,Asmodee,01-10-2015,,,,,,,,Asmodée,,,,,2015-2016,Adultes,,"110 cartes, regles",01/08/2019,
ok,147,7 wonders Duel,R,REF,REF,Bon,10,45,2,Antiquité,23,2,,,,,Asmodee,01-11-2015,,,,,,,,repos Production,,,,,2015-2016,Adultes,1 cartes age 3,"1 plateau jeu, 66 cartes age, 7 carte guilde, 12 carte merveilles=, 4 jeton militaire, 10 jetons progrès, 1 pion conflit, 31 pieces, 1 carnets score, 1 regle jeu et 1 aide jeu",06/08/2019,
serait vendu,148,Auberge Sanglante,R,EQU,REF,Bon,14,60,1 - 4,Bandits,23,2,oui,,,,Asmodee,01-11-2015,,,,,,,,Pearl Games,,,,,2015-2016,Adultes,,"78 cartes client, 4 cartes aide de jeu, 1 plateau, 1 carte premier joueur, 30 tuiles cheque de 10 franc, 32 jetons clef, 4 jetons clef blanc, 4 disques bois et 1 regle jeu",31/07/2019,
ok,149,Cardline Marvel,R,COM,COM,Bon,7,30,2 - 8,Super-héros,16,1,,290 g,110,56*87,Asmodee,01-11-2015,,,,,,,,Bombyx,,,,,2015-2016,Adultes,16 cartes,110 cartes,14/10/2018,
ok,150,Colt Express,R,REF,REF,Bon,10,45,2 - 6,Western,35,2,,,132,,Asmodee,01-11-2015,,,,,,,,Ludonaute,,,,caisse surdim,2015-2016,Adultes,pas fait,"6 wagons + 1 locomotive +10 éléments de décor + 26 jetons butin (18 bourses, 6 bijoux, 2 cagnottes) + 1 pion marshal + 6 plateaux joueur + 6 pions joueur",12/08/2019,
ok,151,Colt Express extension chevaux et diligence,R,REF,REF,Bon,10,45,2 - 6,Western,20,2,,,132,,Asmodee,01-11-2015,,,,,,,,Ludonaute,,,,caisse surdim,2015-2016,Adultes,pas fait,"6 wagons + 1 locomotive +10 éléments de décor + 26 jetons butin (18 bourses, 6 bijoux, 2 cagnottes) + 1 pion marshal + 6 plateaux joueur + 6 pions joueur",12/08/2019,
a vendre,152,Dice Master Age of Ultron,R,EXP,EXP,Bon,10,20,2,Super-héros,20,2,,,,,Asmodee,01-11-2015,,,,,,,,Wizkids,,,,,2015-2016,Adultes,2 sac ,44 dés ; 24 cartes perso ;10 cartes action de base;  4 cartes rappel couleur; 2 cartes liste,29/07/2019,
A vendre,153,Fluxx,R,COM,COM,Bon,8,20,2 - 6,Abstrait,20,2,,,,,Asmodee,01-11-2015,,,,,,,,Edge,,,,,2015-2016,Adultes,,100 cartes,01/08/2019,
ok,154,Gloom,R,COM,COM,Bon,10,60,2 - 4,Fantômes,23,2,,,,,Asmodee,01-11-2015,,,,,,,,Atlas Game,,,,,2015-2016,Adultes,,"20 cartes personnages, 58 cartes modificateurs, 12 cartes evenements et 20 cartes morts prématurées + rêgles",31/07/2019,
ok,155,Munchkin,R,REF,REF,Bon,10,60,2 - 6,Fantasy,20,2,,,,,Asmodee,01-11-2015,,,,,,,,Edge,,,,,2015-2016,Adultes,,"168 cartes, 1 règle, 1 dé",31/07/2019,
serait vendu,156,Shakespeare,R,COM,COM,Bon,12,45,2 - 4,Théatre,41,3,oui,,,,Asmodee,01-11-2015,,,,,,,,Ystari,,,,,2015-2016,Adultes,,pour 4 chaque joueurs ( 1 plateau individuel; 5 cylindres; 5 disques; 4 jetons repos; 1 carte recrutement; 1 aides de jeu) 1 plateau prestige; 1 pions blanc; 8 jetons +3; 56 piéces; 2 sacs; 72 éléments décors; 72 éléments costumes; 30 cartes perso; 10 cartes objectifs.,31/07/2019,
A vendre,157,5 cornichons,R,COM,COM,Bon,8,30,2 - 6,Abstrait,9,1,oui,,,,Asmodee,01-12-2015,,,,,,,,2F Spiele,,,,,2015-2016,Adultes,,regles; 60 cartes ; 30 pions cornichons,31/07/2019,
ok,158,Cardline animaux 2,R,COM,COM,Bon,7,30,2 - 8,Animaux,16,1,,300 g,110,87*56,Asmodee,01-12-2015,,,,,,,,Bombyx,,,,,2015-2016,Adultes,,"1 regle , 110 cartes",02/11/2025,https://www.youtube.com/watch?v=m1eWTlCjLeA
ok,159,Concept,R,COO,EXP,Bon,10,60,4 - 10+,Abstrait,25,2,,,,,Asmodee,01-12-2015,,,,,,,,repos Production,,,,,2015-2016,Adultes,1 cube vert et 1 cubes jaune,"110 cartes, 1 plateau jeu, 1 regles, 3 aides de jeu, 1 bol rangement, 39 jetons (27 simples et 12 doubles), 47 pions plastiques (dont 42 cubes)",02/08/2019,
ok,160,Concept : Tapis de jeu,R,COO,EXP,Bon,10,60,4 - 10+,Abstrait,23,2,,,,,Asmodee,01-12-2015,,,,,,,,repos Production,,,,,2015-2016,Adultes,,,09/08/2019,
ok,161,Fruit salad,R,ASS,ASS,Bon,6,30,2 - 6,Fruits,15,1,,,60,,Asmodee,01-12-2015,,,,,,,,Ludically,,,,,2015-2016,Adultes,,2 dés; 60 cartes,06/08/2019,
ok,162,Guerre des moutons (La) 1,R,COM,COM,Bon,7,45,2 - 4,Animaux,18,1,,,,,Asmodee,01-12-2015,,,,,,,,lui-Même,,,,,2015-2016,Adultes,,1 régle; 1 sac ; 77 pions,31/07/2019,
ok,163,Guerre des moutons (La) 2 extension,R,COM,COM,Bon,7,45,2 - 4,Animaux,18,1,,,,,Asmodee,01-12-2015,,,,,,,,lui-Même,,,,,2015-2016,Adultes,,"1 boite à bèèèèèèh, 32 tuiles recto verso, 1 sac et rêgles",31/07/2019,
ok,164,Kaleidos,R,EXP,EXP,Bon,8,30,2 - 10,Abstrait,27,2,,,,,Asmodee,01-12-2015,,,,,,,,Cocktail games,,,,,2015-2016,Adultes,,"20 fiches illustrées, 4 crayons, 1 bloc 100 feuilles, regle, 4 chevalets porte-fiches, 26 cartes lettre, 1 sablier",02/08/2019,
ok,165,Timeline Challenge,R,COM,COM,Bon,10,45,2 - 10,Abstrait,35,2,,,,,Asmodee,01-12-2015,,,,,,,,Asmodée,,,,,2015-2016,Adultes,,1 plateau de jeu ; 5 aide de jeu ; 1 régle ; 110 cartes ; 5 pions ; 5 tableau temporel; 4 jetons ,29/07/2019,
ok,166,Twinz,R,EXP,EXP,Bon,10,30,4 - 10,Abstrait,18,1,,340 gr,,,Asmodee,01-12-2015,,,,,,,,Cocktail games,,,,,2015-2016,Adultes,,"108 cartes, 42 jetons ( 17 de 1, 15 de 2, 10 de 5), regles",06/08/2019,
,167,Chromino,R,ASS,ASS,Bon,6,30,2 - 8,Abstrait,23,2,,,,,Asmodee,01-01-2016,,,,,,,,Asmodée,,,,,2015-2016,Adultes,,"1 règle, 1 sachet tissus, 80 chrominos",06/08/2019,
ok,168,Clipos,A,COS,COS,Correct,2,0,1,Abstrait,50,3,,,,,,01-01-2016,,,,,,,,/,,,,,2015-2016,Enfants,Boite,,,
A vendre,169,Dernier banquet (Le),R,EQU,EXP,Bon,12,60,6 - 20,Médiéval,35,2,oui,,,,Asmodee,01-01-2016,,,,,,,,Edge,,,,,2015-2016,Adultes,,25 cartes perso ; 10 pions véto ; 9 pions objet ; 20 chaines ; 20 pendentifs ; 1 sceptre ; 1 régle,29/07/2019,
ok,170,Dixit Odyssey,R,EXP,EXP,Bon,8,45,4 - 12,Abstrait,27,2,,,,,,01-01-2016,,,,,,,,Libellud,,,,,2015-2016,Adultes,,"1 plateau, 84 cartes images, 12 tablettes de vote, 24 jetons de vote, 12 lapins en bois",02/08/2019,
vendu,171,Histoires de Hobbits,R,EXP,EXP,Bon,12,45,2 - 5,Fantasy,22,2,oui,700 g,115,120*70,Asmodee,01-01-2016,,,,,,,,Edge,,,,,2015-2016,Adultes,,"1 plateau, regles, 75 cartes aventures, 40 cartes péril, 5 sous verre, 40 pion acclamation (19 de 1, 14 de 2, 7 de 3),  1 dé de 12.",04/10/2018,
ok,172,Il était une fois,R,EXP,EXP,Bon,10,45,2 - 5,Médiéval,18,1,,280 g,165,57*87,Asmodee,01-01-2016,,,,,,,,Atlas Game,,,,,2015-2016,Adultes,,"114 cartes histoires (24 perso, 20 objet, 20 lieu, 25 aspect, 25 évenement)  51 cartes fin et regles",04/10/2018,
ok,173,Story Cubes Batman,R,EXP,EXP,Bon,6,30,1 - 10,Super-héros,15,1,,110gr,,,Asmodee,01-01-2016,,,,,,,,Creativity Hub (the),,,,,2015-2016,Adultes,1 dé,"9 dés, pas de régles?",08/11/2018,
A vendre,174,Te Kuiti,R,REF,REF,Bon,6,30,2,Animaux,18,1,oui,,,,Asmodee,01-01-2016,,,,,,,,Ludically,,,,,2015-2016,Adultes,,25 tuiles; 30 barrieres,01/08/2019,
ok,175,Tokyo Train,R,EXP,EXP,Bon,8,30,4 - 8,Véhicules,10,1,,,56,,Asmodee,01-01-2016,,,,,,,,Cocktail games,,,,,2015-2016,Adultes,4 cartes,"1 règle, 56 cartes, 1 socle plastique",02/08/2019,
ok,176,Dino twist,R,ASS,ASS,Bon,7,30,2 - 6,Dinosaures,19,1,,,,,,01-02-2016,,,,,,,,Bankiiiz Editions,,,,,2015-2016,Adultes,,1 régle ; 108 cartes dino; 25 cartes événement; 32 cartes mise en place,02/08/2019,
ok,177,Djumble,R,ASS,ASS,Bon,8,30,3 - 7,Abstrait,14,1,,190 gr,42,diam 85,Asmodee,01-02-2016,,,,,,,,Cocktail games,,,,,2015-2016,Adultes,2 jeton 1 sablier,"42 cartes, 50 jetons, 1 sablier, 1 règle de jeu",31/07/2019,
,178,Doctor Panic,R,ADR,ADR,Bon,8,30,2 - 9,Maladie,27,2,,,,,Asmodee,01-02-2016,,,,,,,,repos Production,,,,,2015-2016,Enfants,,,,
ok,179,Glace et le ciel (Le),R,COM,COM,Bon,10,15,2 - 4,Nature,15,1,,,,,F. Toscano,01-02-2016,,,,,,,,Jeux Opla,,,,,2015-2016,Adultes,,66 cartes,06/08/2019,
ok,180,Mafia de Cuba extension : revolution,R,EQU,EXP,Bon,10,20,6 - 12,Bandits,11,1,,,,,Asmodee,01-02-2016,,,,,,,,Lui-Même,,,,,2015-2016,Adultes,,"6 jetons ronds, 1 diament vert, 1 règle",02/08/2019,
ok,181,Manchots barjots,R,COM,COM,Bon,10,30,2 - 5,Banquise,14,1,,,,,Asmodee,01-02-2016,,,,,,,,Bombyx,,,,,2015-2016,Adultes,,90 cartes,06/08/2019,
ok,182,Munchkin zombies,R,REF,REF,Bon,10,120,2 - 6,Zombies,20,2,,,,,Asmodee,01-02-2016,,,,,,,,Edge,,,,,2015-2016,Adultes,,"1 dé, 1 règle de jeu, 168 cartes",31/07/2019,
ok,183,Shabadabada duo,R,EXP,EXP,Bon,8,90,4 - 10+,Musique,16,1,,240 g,110,58*88,Asmodee,01-02-2016,,,,,,,,Haute Roche,,,,,2015-2016,Adultes,,"1 régle, 104 cartes mots, 6 cartess challenges",14/10/2018,
ok,184,7 Wonders,R,REF,REF,Bon,10,45,2 - 7,Antiquité,35,2,,,,,,01-03-2016,,,,,,,,repos Production,,,,,2015-2016,Adultes,6 jetons conflits en +,"7 plateaux merveilles, 7 cartes merveilles, 49 cartes age 1, 49 cartes ages 2, 50 cartes age 3, 46 jetons conflit, 24 pieces valeurs 3, 46 pieces valeurs 1, 1 carnet score, 1 livret rêgles, 1 aide de jeu et 2 cartes 2 joueurs",06/08/2019,
ok,185,Abyss,R,REF,REF,Bon,10,60,2 - 4,Mer,36,2,,,106,,,01-03-2016,,,,,,,,Bombyx,,,,,2015-2016,Adultes,,20 tuiles Lieu - 35 cartes Seigneur grand format de 65 x 100 mm - 71 cartes Alliés de dimension 42 x 63 mm - 50 perles en plastique - 30 pions Monstres et Clé - 1 piste de score - 5 coquillage en plastique - 1 livret de règles,09/08/2019,
ok,186,Alien Wars,R,ADR,ADR,Bon,7,30,2 - 6,Science Fiction,14,1,,,63,,,19-01-2016,,,,,,,,Superlude,,,,,2015-2016,Adultes,,"63 cartes, 1 règle",31/07/2019,
ok,187,Aventuriers du Rail Europe (Les),R,PAR,PAR,Bon,8,90,2 - 5,Véhicules,38,2,,,158,88*57,,01-03-2016,,,,,,,,Days of wonder,,,,,2015-2016,Adultes,,240 wagons + 15 gares + 5 marques en bois + 1 carte eu,01/08/2019,
ok,188,Aventuriers du Rail Extension Asie (Les),R,PAR,PAR,Bon,8,30,2 - 5,Véhicules,30,2,,,,,,01-03-2016,,,,,,,,Days of wonder,,,,,2015-2016,Adultes,,,,
ok,189,Bamboleo,R,ADR,ADR,Bon,6,15,2 - 6,Abstrait,64,3,,,,,Don de Sandrine,01-03-2016,,,,,,,,Zoch zum spiel,,,,,2015-2016,Adultes,,1 plateau de jeu + 26 pièces en bois + un socle + 1 boule en liège + 1 règle du jeu,31/07/2019,
ok,190,Bang le jeu de dés,R,REF,REF,Bon,8,15,3 - 8,Western,15,1,,,,,,01-03-2016,,,,,,,,Da Vinci,,,,,2015-2016,Adultes,1 jetons de 1 pv,5 dés; 8 cartes rôle;16 cartes perso; 6 aides de jeu; 9 jetons fléches;40 jetons PV,01/08/2019,
ok,191,Barbecue,R,REF,REF,Proto,8,30,2 - 6,Nourriture,0,1,,,,,Don de l'auteur : Xavier Lardy,01-03-2016,,,,,,,,"Pas édité, proto",,,,,2015-2016,Adultes,,36 cartes grillade; 6 jetons barbecue; 8 jetons braise; 2 jetons fumée; 1 régle; 1 carte aide.,01/09/2019,
ok,192,Battle Sheep,R,REF,REF,Bon,8,30,2 - 4,Animaux,22,2,,,,,,18-01-2016,,,,,,,,Blue Orange,,,,,2015-2016,Adultes,,"64 pions moutons, 16 tuiles et regles",02/11/2025,https://www.youtube.com/watch?v=JQHM1x5ReHU
ok,193,Color Addict,R,ASS,ASS,Bon,7,15,2 - 6,Abstrait,9,1,,,,,,19-01-2016,,,,,,,,France Cartes,,,,,2015-2016,Adultes,,110 cartes,31/07/2019,
ok,194,"Bois des Couadsous (Le)
",R,REF,REF,Bon,6,10,2 - 4,Nature,12,1,,,,,F. Toscano,01-03-2016,,,,,,,,Jeux Opla,,,,,2015-2016,Adultes,,"25 cartes, 1 règle",02/11/2025,https://www.youtube.com/watch?v=4JU6hSyPg9k
ok,195,Dominion,R,REF,REF,Bon,8,60,2 - 4,Médiéval,41,3,,,501,,,19-01-2016,,,,,,,,Ystari,,,,,2015-2016,Adultes,10 cartes cuivre en plus,"501 cartes, regles",12/08/2019,
ok,196,Dominion : Aventures,R,REF,REF,Correct,8,60,2 - 4,Médiéval,41,3,,,,,,19-01-2016,,,,,,,,Ystari,,,,,2015-2016,Adultes,7 jetons rond,"400 cartes, 1 règle, 48 jetons ronds, 12 jetons rectangulaires, 6 plateau de joueur",02/08/2019,
ok,197,Fantasy,R,COM,COM,Abimé,8,15,2 - 4,Fantasy,10,1,,100,56,56*88,Don de Yann,01-03-2016,http://www.trictrac.net/jeu-de-societe/fantasy/infos,Fantasy,2001,Franck Dion,http://img4.trictrac.net/generate/default_100_100/1359041833.B5j8Q5q.jpg,Sylvie Barc,,Asmodée,,,,,2015-2016,Adultes,2 carte farfadet en trop + 1 carte fée en moins ,56 cartes : 7 races de 8 individus + 1 règle,31/07/2019,
ok,198,Harry potter enquête,R,ENQ,ENQ,Usé,7,30,2 - 6,Fantasy,20,2,,,,,Don de Stéphanie,01-03-2016,,,,,,,,Mattel,,,,,2015-2016,Enfants,,"1 règle, 1 plateau de jeu, 2 dés, 6 pions, 1 fantome, 10 cartes vertes, 23 cartes bleues, des feuilles",12/08/2019,
ok,199,Héros à Louer,R,EXP,EXP,Bon,10,30,3 - 5,Médiéval,12,1,,,,,,19-01-2016,,,,,,,,Iello,,,,,2015-2016,Adultes,,"77 cartes, 5 aides de jeu, 1 livret de règles",09/08/2019,
ok,200,Jaipur,R,COM,COM,Bon,12,30,2,1001 Nuits,18,1,,,55,,,01-03-2016,,,,,,,,Space Cowboys,,,,,2015-2016,Adultes,,"55 cartes, 60 jetons",06/08/2019,
,201,Junior mémory,R,ASS,ASS,Usé,3,10,2 - 4,Fruits,20,2,,,,,Don Hélène,01-03-2016,,,,,,,,Ravensburger,,,,,2015-2016,Enfants,6 cartes,72 jetons,01/08/2019,
,202,Kabaleo,R,REF,REF,Correct,8,45,2 - 4,Abstrait,22,2,,,,,,19-01-2016,,,,,,,,Gigamic,,,,,2015-2016,Adultes,la rêgle,"66 pieces, 1 sac, regles",,
ok,203,Kaboum,R,ADR,ADR,Bon,6,30,2 - 5,Construction,23,2,,,,,,19-01-2016,,,,,,,,Iello,,,,,2015-2016,Enfants,,26 tuiles tour; 16 piéces de tour; 4 catapultes; 10 dés munitions; 1 sablier,02/08/2019,
ok,204,Korsar,R,COM,COM,Bon,10,20,2 - 8,Pirates,9,1,,,,,,01-03-2016,,,,,,,,Amigo,,,,,2015-2016,Adultes,,25 cartes gallions; 48 cartes corsaires; 5 cartes perso;,02/08/2019,
ok,205,Labyrinthe magique,R,ASS,ASS,Bon,4,30,2 - 4,Fantasy,32,2,,,,,,23-07-2015,,,,,,,,Gigamic,,,,,2015-2016,Enfants,4 jetons symboles,plateau de jeu; 24 mur; 24 jetons; 1 sac; 1 dé; 4 magicien; 4 billes métalliques; régles,02/08/2019,
ok,206,Lift It,R,ADR,ADR,Correct,8,30,1 - 4,Construction,27,2,,,,,,19-01-2016,,,,,,,,Gigamic,,,,1 minuteurs HS,2015-2016,Enfants,1 crochet,1 plateau ; 78 cartes construction; 4 cartes duel; 4 grues ; 4 crochets ; 4 ficelles ; 4 bandeaux; 14 éléments de construction; 4 ronds en plastiques ; 1 minuteur,30/07/2019,
ok,207,Logikville,R,COM,COM,Bon,4,20,1,Abstrait,21,2,,,84,,,23-07-2015,,,,,,,,Asmodée,,,,,2015-2016,Enfants,,"1 plan de jeu, 82 cartes constructions, 4 grues, crochets, ficelles, bandeaux, 14 éléments de constructions, 4 figurines et 1 minuteur",,
ok,208,Lynx (Le),R,ASS,ASS,Bon,5,30,2 - 6,Abstrait,32,2,,,,,,19-01-2016,,,,,,,,Educa Borras,,,,,2015-2016,Enfants,3 pieces; 2 jetons (jaune et marron),"1 plateau en 9 parties, 1 boite en 2 parties, 401 tuiles, 18 jetons, 1 règle",02/08/2019,
ok,209,Marrakech,R,REF,REF,Usé,6,30,2 - 4,Moyen Orient,30,2,,,,,,19-01-2016,,,,,,,,Gigamic,,,,,2015-2016,Adultes,,15 tapis*4 + 1 dès + 1 pion + 20 pièces de 5 +20 pièes de 1 + 1 plateau,26/08/2019,
ok,210,Mille Sabords,R,HAS,HAS,Bon,8,30,2 - 5,Pirates,14,1,,,,,,19-01-2016,,,,,,,,Gigamic,,,,,2015-2016,Adultes,,35 cartes pirate; 5 cartes résumé;8 dés,02/08/2019,
ok,211,1001 : hezar o yek sab,R,ASS,ASS,Bon,4,30,2 - 5,Moyen Orient,13,1,,,,,Don Sandrine,01-04-2016,,,,,,,,Ilopeli,,,,,2015-2016,Adultes,,55 cartes ,09/08/2019,
ok,212,3 tapis d'animaux,E,SEN,SEN,Bon,1,0,1,Animaux,5,1,,,,,Don Hélène,01-04-2016,,,,,,,,,,,,,2015-2016,Enfants,,,,
ok,213,Tokaido,R,PAR,PAR,Bon,8,45,2 - 5,Asie,33,2,,,,,Don de Sandrine,01-04-2016,,,,,,,,Funforge,,,,,2015-2016,Adultes,,"1 plateau, 1 regles, 5 pions voyageurs, 5 marqueurs points voyage, 5 jetons baluchons, 50 pieces monnaie, 10 tuiles voyageurs, 60 cartes panoramas, 12 cartes souces chaudes, 25 cartes repas, 24 cartes souvenir, 14 cartes rencontres, 7 cartes accomplissements",02/08/2019,
vendu,214,Totem,R,COM,COM,Bon,7,15,2 - 6,Western,16,1,oui,,,,,01-04-2016,,,,,,,,Tactic,,,,,2015-2016,Adultes,,"35 cartes totel, 29 cartes coup bas, plateau score, 6 pions et regles",09/08/2019,
ok,215,Zéphir,R,ADR,ADR,Usé,4,10,2 et +,1001 Nuits,23,2,,,,,,01-04-2016,,,,,,,,Goliath,,,,,2015-2016,Enfants,,1 tapis volant; 32 trésor; plateforme; bras articulé; ,02/08/2019,
ok,216,Ali ,R,REF,REF,Bon,8,15,3 - 5,1001 nuits,15,1,,,46,,,01-04-2016,,,,,,,,Libellud,,,,,2015-2016,Adultes,,46 cartes + 1 figurines et son socle + 9 jetons + 1 règle,31/07/2019,
vendu,217,Bataille navale,R,REF,REF,Bon,8,20,2,Mer,5,1,oui,,,,Don d'Anthony,01-05-2016,,,,,,,,Hasbro (?),,,,pas fait,2015-2016,Adultes,,pas fait,01/08/2019,
ok,218,Boîte 5 balles,E,SEN,SEN,Bon,1,0,1,Petite enfance,10,1,,,,,,01-05-2016,,,,,,,,,,,,,2015-2016,Enfants,1 boite,5 balles colorées,12/08/2019,
ok,219,Boîte 5 voitures,S,MIS,MIS,Bon,1,0,1 - 5,Petite enfance,20,2,,,,,,01-05-2016,,,,,,,,,,,,,2015-2016,Enfants,"1 boite, 1 couvercle","5 voitures, 1 boite en plastique, 1 couvercle",12/08/2019,
ok,220,Boîte à formes,E,MAN,MAN,Bon,1,0,1,Petite enfance,16,1,,,,,,01-05-2016,,,,,,,,,,,,,2015-2016,Enfants,,"1 boite, 1 couvercle, 12 formes de couleur",12/08/2019,
ok,221,Crazy cups Géant,R,ASS,ASS,Abimé,6,20,2 - 10,Bois,90,3,,,24,,,01-05-2016,,,,,,,,,,,,,2015-2016,Animations,1 pots,10 pots,12/08/2019,
ok,222,Ramp Racer,E,MAN,MAN,Bon,1,0,2,Petite enfance,40,3,,,,,,01-05-2016,,,,,,,,,,,,,2015-2016,Enfants,,1 tour; 2 véhicules,12/08/2019,
ok,223,Small World,R,REF,REF,Bon,8,90,2 - 5,Fantasy,45,3,,,,,,19-01-2016,,,,,,,,Days of Wonder,,,,,2015-2016,Adultes,,"2 plateau de jeu, 6 aides jeux, 14 tuiles peuples fantastiques, 168 pions peuples, 18 pions tribus, 20 tuiles pouvoir spécial et 1 tuile vierge,10 antres de troll, 6 forteresses, 9 montagnes, 5 campements, 2 tanières, 2 héros, 1 dragon, 109 jetons de victoire, 1 dé renforts, 1 jetons compte tour et regles",,
ok,224,Smash Up,R,REF,REF,Bon,10,45,2 - 4,Fantasy,30,2,,,,,,19-01-2016,,,,,,,,Iello,,,,,2015-2016,Adultes,,"160 cartes, 6 cartes base, 20 jeton 1 pv, 8 jetons 5pv et 1 livret de règles",02/08/2019,
ok,225,Sultaniya,R,COM,COM,Bon,8,45,2 - 4,1001 Nuits,26,2,,,,,Don Bombyx,01-05-2016,,,,,,,,Bombyx,,,,,2015-2016,Adultes,,,,
ok,227,Tic Tac Boum,R,EXP,EXP,Bon,8,45,2 - 4,Abstrait,22,2,,,,,,19-01-2016,,,,,,,,Asmodée,,,,2 piles 1.5 v AAA LR03,2015-2016,Enfants,,"110 cartes son ; 1 dés , 1 bombe factice ; 1 régle",29/07/2019,
A vendre,228,Tralala,R,EXP,EXP,Bon,10,30,3 - 10,Musique,18,1,oui,,220,,Don Superlude,01-05-2016,,,,,,,,Superlude,,,,,2015-2016,Adultes,,"1 règle de jeu, 220 cartes ( 200 cartes tralalaa; 11 cartes equipe; 9 cartes vierges) 12 pions buzzer ; 1 sac de transport ; 1 regle",29/07/2019,
vendu,229,Uchronia,R,REF,REF,Bon,10,45,2 - 4,Fantasy,22,2,oui,,,,Don Victor,19-01-2016,,,,,,,,Iello,,,,,2015-2016,Adultes,,"5 plateaux de jeux, 80 cartes batiments, 174 cartes ressource, 5 cartes monopole et 1 carte dernier tour + rêgles",01/08/2019,
ok,230,Welcome to the Dungeon,R,EXP,EXP,Bon,10,30,2 - 4,Fantasy,12,1,,,21,88*63,,19-01-2016,,,,,,,,Iello,,,,,2015-2016,Adultes,,"13 carts monstres, 4 cartes aide de jeu, 8 cartes réussites, 28 tuiles et rêgles",30/07/2019,
ok,231,Désert interdit,R,REF,REF,Bon,10,45,2 - 5,Désert,27,2,,,,,,01-06-2016,,,,,,,,Cocktail Games,,,,,2015-2016,Adultes,,"49 cartes, 48 marqueurs sable, 24 tuiles, 6 marqueurs plastiques, 6 pions, 4 piece machine volante, 1 echelle tempete sable, 1 socle, 1 maquette volante et 1 regle jeu",09/08/2019,
ok,232,Citadelles,R,EXP,EXP,Bon,10,60,2 - 8,Médiéval,19,1,,300 g,90,56*87,Don Laurent,09-09-2016,,,2010,,,Bruno Faidutti,,Millennium,,,,,2016-2017,Adultes,1 piece et 1 cartes aides en plus,82 cartes de Quartiers (21 vert; 12 orange; 12 rouge; 25 violette; 12 bleu) + 8 cartes d'aide de jeu + 30 pièces d'or + 18 cartes de personnages+ une crte couronne,14/10/2018,
serait vendu,233,Diego dent de dragon,R,ADR,ADR,Bon,5,15,2 - 4,Médiéval,9.9,1,oui,,,,,11-06-2016,,,,,,,,Haba,,,,,2015-2016,Enfants,,1 volcan + 16 cartes de 4 couleurs + 4 billes + 1 règle du jeu,30/07/2019,
A vendre,234,Initiation aux Echecs,R,REF,REF,Abimé,8,60,2,Abstrait,15,1,oui,,,,Don Sylvie,11-06-2016,,,,,,,,MB,,,,,2015-2016,Adultes,,"1 plateau, 42 fiches inititations, 16 pions noirs, 16 pions blancs",12/08/2019,
ok,235,10' to kill,R,ENQ,ENQ,Bon,14,10,2 - 4,Bandits,19,1,,,,,,06-09-2016,,,,,,,,La Boîte de Jeu,,,,,2016-2017,Adultes,,"16 personnages, 3 policiers, 16 tuiles, 16 socles noirs, 3 socles blancs, 4 jetons repère, 1 jeton premier joueur, 1 aide de jeu, 1 livret de rêgle",09/08/2019,
ok,236,Croque Carotte mini,R,PAR,PAR,Bon,4,15,2 - 4,animaux,8,1,,,,,,06-11-2016,,,,,,,,Ravensburger,,,,,2016-2017,Enfants,,"1 terrier, 6 lapins, 15 cartes, 1 pion",06/08/2019,
ok,237,Celestia,R,PAR,PAR,Bon,8,30,2 - 6,Science Fiction,21.9,2,,,78,,,06-09-2016,,,,,,,,Blam Edition,,,,,2016-2017,Adultes,,"78 cartes trésors, 1 aéronef, 6 pions aventurier, 6 tuiles aventurier, 9 tuiles cité, 4 dés évènements, 1 livret de rêgles; 68 cartes équipements; 8 cartes turbo; 4*2 cartes pouvoir.",06/08/2019,
serait vendu,238,Turbo Team,R,PAR,PAR,Bon,5,10,2 - 4,Animaux,11,1,oui,,,,Géraldine,06-11-2016,,,,,,,,Haba,,,,,2016-2017,Enfants,,"4 plateaux de jeu, 4 kangourous, 4 chameaux, 4 cochons, 4 grenouilles, 3 dés gris, 2 dés beiges, 1 dé blanc, 1 petit tas de crottes, 1 règle de jeu",30/07/2019,
serait vendu,239,Fais pas l'âne,R,COM,COM,Bon,8,,2 - 6,Animaux,14,1,oui,,96,,,11-06-2016,,,,,,,,Paille Editions,,,,,2015-2016,Enfants,,"60 cartes ânes dont 10 dans chaque couleurs, 5 jours 5 nuits + 8 cartes bonnet d'ânes dont 6 bonnet d'ânes simple, 1 de chaque couleurs et 2 bonnets d'âne triple + 25 cartes spécials dont 6 cartes ""fais pas l'âne"", 5 cartes ""soeur âne"" 5 cartes ""annerie"", 3cartes ""tétu comme un âne"", 3 cartes ""hi-han"" et 3 cartes ""prout-prout"" + 1 carte supermâne + 2 cartes mémo + 1 livret règle du jeu + 1 livret histoire illustré",30/07/2019,
ok,240,Dames chinoises,R,PAR,PAR,Bon,8,20,2 - 6,Abstrait,20,2,oui,,,,,11-06-2016,,,,,,,,,,,,,2015-2016,Adultes,,"1 plateau, 1 règle, 10 jetons jaunes, 10 jetons rouges, 10 jetons blancs, 10 jetons bleux, 10 jetons verts, 10 jetons noirs",01/09/2019,
,241,Okinawa,R,REF,REF,Usé,15,120 - 240,2,Guerre,20,2,,,,,Don Sylvie,11-06-2016,,,,,,,,Eurogames et International Team,,,,,2015-2016,Adultes,"2 pions armée US, 1 dé 6 standard","1 plateau de jeu en 5 parties, 1 cartent de feuilles de score, 4 feuilles de règles avancées, 2 fiches aides de jeu, 1 règle du jeu, 11 pions bleus, 68 pions verts, 85 pions jaunes, 2 plateaux à roue, 1 légende",12/08/2019,
ok,242,Mille bornes,R,COM,COM,Bon,6,15,2 - 4,Véhicules,5,1,,,,,,11-06-2016,,,,,,,,Dujardin,,,,,2015-2016,Adultes,,"66 cartes, 1 règle de jeu ; 1 sabot",30/07/2019,
ok,243,Code Names,R,EQU,EXP,Bon,12,15,2 - 8,Mots,17.9,1,,,240,,,06-09-2016,,,,,,,,Iello,,,,,2016-2017,Adultes,,"25 tuiles identité, 200 cartes nom de code, 40 carte clé, 1 support carte clé, 1 sablier et rêgles",08/09/2019,
ok,244,Unlock! Escape adventure,R,ENQ,ENQ,Bon,10,90,2 - 6,Enquête,27,2,,,,,,04-04-2017,,,,,,,,Asmodée,,,escape,,2016-2017,Adultes,,"10 cartes tutoriel, 3*20 cartes scénarii",09/08/2019,
ok,245,Pendu (Le),R,EXP,EXP,Usé,8,10,2,Mots,20,2,,,,,,11-06-2016,,,,,,,,,,,,,2015-2016,Enfants,1 feuille d'autocollant,"2 plateaux, 2 cadrans en plastiques, 142 lettres, 2 marqueurs score",30/07/2019,
ok,246,1000 Bornes grand,R,PAR,PAR,Mauvais,8,20,2 - 6,Véhicules,20,2,,,,,,11-06-2016,,,,,,,,Dujardin,,,,,2015-2016,Adultes,,"4 jetons, notice, rêgle de jeu, 106 cartes ; 1 sabot",30/07/2019,
ok,248,Scrabble,R,EXP,EXP,Usé,7,30,2 - 4,Mots,20,2,,,,,,11-06-2016,,,,,,,,Hasbro,,,,,2015-2016,Adultes,,"1 plateau, 106 lettres, 40 jetons verts",30/07/2019,
ok,249,Labyrinthe,R,COM,COM,Mauvais,8,15,1 - 4,Labyrinthe,20,2,,,24,,,11-06-2016,,,,,,,,Ravensburger,,,,,2015-2016,Adultes,,"34 tuiles labyrinthe, 24 cartes trésors et 4 pion et le plateau",30/07/2019,
ok,250,Mystères de pekin (les),R,ENQ,ENQ,Correct,8,30,2 - 6,Asie,29,2,,,108,,Marie luc,11-06-2016,,,,,,,,Lansay,,,,,2015-2016,Enfants,,"6 pions + 60 cartes de personnages + 12 cartes ""le sage"" + 12 carte ""espion"" + 24 cartes ""indic"" + 4 discs dragon + 4 grilles de coupable + livret enigme + un bloc de feuille indice + 3 décodeurs + 1 carte écran + 1 dès ",12/08/2019,
,251,Perds pas la boule,R,QUE,QUE,Usé,8,30,1 - 4,Maison,20,2,,,,,,11-06-2016,,,,,,,,Gay-Play,,,,,2015-2016,Enfants,"1 bille verte, 52 jetons","1 platea, 1 cadran avec 1 flèche, 1 étui carton,52 jetons, 1 bille verte, 1 bille bleu, 1 bille jaune, 1 bille rouge",30/07/2019,
a vendre,252,Pictureka,R,ASS,ASS,Correct,6,15,2+,Véhicules,10,1,,,110,,Géraldine,11-06-2016,,,,,,,,Hasbro,,,,,2015-2016,Adultes,,"78 cartes images, 32 cartes missions",31/07/2019,
serait vendu,253,Qui l'a vu,R,ASS,ASS,Bon,6,30,2 - 4,Fantastique,39.95,2,oui,,,,,11-06-2016,,,,,,,,Ravensburger,,,,,2015-2016,Enfants,3 piles AA,"1 plateau, 4 cartes porte, 1 coffre magique (3 piles AA), 4 pions, 1 fantome, 1 chat, 4 cartes clé, 9 cartes nourriture, 10 portraits, 1 dé, 1 anneau, 1 carte coussin",01/08/2019,
ok,254,Mirogolo,R,ASS,ASS,Correct,7,20,4 - 16,Dessin,25,2,,,,,,11-06-2016,,,,,,,,Goliath,,,,lunettes + minuteur hs,2015-2016,Enfants,"1 carnet à dessin, 2 crayons","1 plateau, 1 dé, 4 pions, 1 paire de lunettes, 3 paires de verre déformants, 1 minuteur, 54 cartes, 1 carnet à dessin, 2 crayons",02/08/2019,
a vendre,255,Fast Food,R,COM,COM,Abimé,7,20,2 - 6,Nourriture,23,2,,,,,,11-06-2016,,,,,,,,Goliath,,,,Remetrre étiquette sur boite en bois + renforcer boite en carton,2015-2016,Enfants,remplacement boite,"1 boite rond métal, 120 cartes, 6 rande ingrédients, 1 pouet burger, 1 règle de jeu",31/07/2019,
ok,256,Roll for the galaxy,R,REF,REF,Bon,14,45,2 - 5,Science Fiction,54,3,,,,,,02-09-2016,,,,,,,,Gigamic,,,,,2016-2017,Adultes,,5 gobelets + 5 pions marqueurs de crédit + 5 plateaux individuel + 5 par avants +5 plateaux de programation + 9 tuiles de faction +9 tuiles monde de départ + 111 dès spéciaux + 55 tuiles de jeux +1 sac en tissus + 33 jetons points de victoire + 5 tuiles de phaases + 1 règle + dés suplémentaire (23),06/08/2019,
ok,257,Takenoko,R,COM,COM,Bon,8,45,2 - 4,Asie,33,2,,,,,,02-09-2016,,,,,,,,Bombyx,,,,,2016-2017,Adultes,1 baton irrigation,"28 tuiles terrain, 28 bambous verts, 26 bambous jaunes, 24 bambous roses, 20 baton irrigation, 9 jetons aménagement, 46 cartes objectif, 4 plateaux individuels, 8 jetons action, 1 dé météo, 1 panda, 1 jardinier, 1 règle",09/08/2019,
ok,258,Rivière d'enfer (La),R,PAR,PAR,Bon,8,45,2 - 5,Nature,24,2,,,,,Don Sylvie,11-06-2016,,,,,,,,Filosofia,,,,,2015-2016,Adultes,,"1 règle, 10 bucherons, 45 troncs, 80 cartes déplacement, 5 cartes castor, 5 cartes joueur, 6 plateaux de jeu",30/07/2019,
serait vendu,259,Bande à Picsou,R,PAR,PAR,Abimé,5,15,2 - 4,Disney,5,1,oui,,30,,,11-06-2016,,,,,,,,MB,,,,,2015-2016,Enfants,1 support plastic et  6 cartes indice en plus,1 plateau de jeu + 4 pions + 4 supports plastic + 15 cartes indice + 5 cartes trèsors + 5 cartes emplacement + 5 cartes cache + 5 jetons trèsors + 5 jetons emplacement + 5 jetons caches + 1 cadrant avec fleche,30/07/2019,
A vendre,260,Amédé,R,EXP,EXP,Bon,2,10,1 - 3,LSF,20,2,,900 gr,48,70*90,,11-06-2016,,,,,,,,‎Patte d’ourse,,,,,2015-2016,Adultes,,48 tuiles + 3 pions + 1 dès + 1 livret ,06/08/2019,
vendu,261,Mystères de pekin (les),R,ENQ,ENQ,Abimé,8,30,2 - 6,Asie,29,2,,,108,,Damien,11-06-2016,,,,,,,,Lansay,,,,,2015-2016,Enfants,"1 carte personnage (Mme Dia-Mang), 1 carte espion
1 grille coupable en trop","6 pions + 60 cartes de personnages + 12 cartes ""le sage"" + 12 carte ""espion"" + 24 cartes ""indic"" + 4 discs dragon + 4 grilles de coupable + livret enigme + un bloc de feuille indice + 3 décodeurs + 1 carte écran + 1 dès ",12/08/2019,
ok,262,Camelot,R,COM,COM,Bon,10,40,2 - 5,Médiéval,18,1,,,110,,,11-06-2016,,,,,,,,Asmodée,,,,,2015-2016,Adultes,1 cartes déchirée (retraite) + 2 jetons en plus,70 cartes de couleurs + 20 cartes de soutiens + 20 cartes d'action + 25 jetons,09/08/2019,
ok,263,Gobbit,R,ADR,ADR,Bon,6,30,2 - 8,Animaux,16,1,,,,,,06-09-2016,,,,,,,,OldChap Editions,,,,,2016-2017,Adultes,,"54 cartes (12 bleu, 12 jaunes, 12 rouges, 9 bicolores, 3 gorilles), 1 règle de jeu",01/08/2019,
A vendre,264,Ripoux (Les),R,REF,REF,Bon,12,,2 - 6,Enquête,15,1,oui,,122,,Don Philip,11-06-2016,,,,,,,,‎Schmidt,,,,,2015-2016,Adultes,3 cartes ; 1 tickets taxe; 1 jetons 10 pts flic; ,"1 plateau de jeu + 1 dès à 20 faces + 1 dès à 6 faces + 6 pions + 6 petits chevaux + des billets +122 cartes + 60 tickets taxés + 22 tickets blanc + 20 jetons ""10 points de flic"" + 60 jetons ""1 point de lfic""",30/07/2019,
ok,265,Colt Express,R,REF,REF,Sous Blister,10,45,2 - 6,Western,35,2,,,132,,Asmodee,01-11-2015,,,,,,,,Asmodée,,,,,2015-2016,Adultes,,"6 wagons + 1 locomotive +10 éléments de décor + 26 jetons butin (18 bourses, 6 bijoux, 2 cagnottes) + 1 pion marshal + 6 plateaux joueur + 6 pions joueur",02/08/2019,
ok,266,Potion Explosion,R,COM,COM,Bon,12,45,2 - 4,Fantastique,36,2,,,,,,02-09-2016,,,,,,,,Edge,,,,,2016-2017,Adultes,,"1 règle, 1 distributeur carton, 80 billes (+10), 64 tuiles potion, 15 pions compétence, 21 pions coup de pouce, 1 pion premier joueur, 4 plateaux paillasse",,
ok,267,Catan,R,REF,REF,Bon,10,75,3 - 4,Médiéval,36,2,,,,,,02-09-2016,,,,,,,,Kosmos,,,,,2016-2017,Adultes,1 cartes chevalier; 1 cartes progrés,"19 tuiles terrain, 6 pieces cadres, 95 cartes ressources, 25 cartes developpement, 4 fiches aides de jeux, 2 fiches spécial, 2 range cartes, pour chaque couleurs (4 villes, 5 colonies et 15 routes) et 18 jetons alphabet, 2 dés, 1 pion voleur",04/08/2019,
ok,268,War at sea,R,REF,REF,Bon,12,60,,Guerre,20,2,,,,,Sylvie,11-06-2016,,,,,,,,Avalon Hill,,,,,2015-2016,Adultes,,"48 cartes verte, 20 bleues foncées, 12 bleues claires, 10 cartes drapeaux, 52 cartes points domages, 4 dés et 1 plateau + regles",12/08/2019,
ok,269,Trésor des lutins (Le),R,PAR,PAR,Bon,4,20,2 - 4,Fantastique,18,1,,,,,,11-06-2016,,,,,,,,Gigamic,,,,,2015-2016,Adultes,1 tuiles chemin,27 tuiles chemin + 10 tuiles dragon + 4 jetons clefs + 2 dès spéciaux + 1 jetons sucrerie + 1 plateau + 1 règle,02/08/2019,
vendu,270,Boîte à énigmes (La),R,ENQ,ENQ,Usé,16,30,2 +,Médiéval,25,2,oui,451,96,131*71,Don de Damien,01-11-2013,http://www.trictrac.net/jeu-de-societe/la-boite-a-enigmes/infos,La Boîte à Énigmes,2008,Ivan Sigg,,Fabrice Mazza,,Marabout,,,,,2013-2014,Adultes,,"96 cartes (16 mots, 16 lettrerébus, 16 manipulations, 16 observation, 16 chiffres, 16 logique), 1 règle du jeu, 6 intercalaires 1 livret solution",08/11/2018,
ok,271,Seasons,R,REF,REF,Bon,14,60,2 - 4,Fantastique,35,2,,,,,,06-09-2016,,,,,,,,Libellud,,,,,2016-2017,Adultes,- 1 jetons terre,"1 plateau jeu, 1 piste cristaux, 1 marqueur année et 1 marqueur saison, 4 plateaux individuels, 8 jetons biblio, 16 pions sorcier, 20 dés, 40 cartes pouvoir avancé, 60 cartes pouvoir de bases et 64 jetons énergies",09/08/2019,
ok,272,7 Wonders,R,REF,REF,Bon,10,45,2 - 7,Antiquité,35,2,,,,,,18-01-2016,,,,,,,,Asmodée,,,,,2015-2016,Adultes,,"7 plateaux merveilles, 7 cartes merveilles, 49 cartes age 1, 49 cartes ages 2, 50 cartes age 3, 46 jetons conflit, 24 pieces valeurs 3, 46 pieces valeurs 1, 1 carnet score, 1 livret rêgles, 1 aide de jeu et 2 cartes 2 joueurs",31/07/2019,
,273,Plan barbarossa,R,REF,REF,Abimé,15,240,2,Guerre,20,2,,,,,,11-06-2016,,,,,,,,Jeux Descartes,,,,,2015-2016,Adultes,,"1 règle, 2 plateaux, 1 dé, 4 punaises, 25 jetons orange foncé, 28 jetons verts clair, 16 jetons noirs, 63 jetons marrons, 9 jetons blancs à point noir, 3 jetons fushia, 3 jetons bleu foncé, 1 jeton rouge foncé, 1 jeton vert foncé, 27 jetons orange",12/08/2013,
ok,274,Splendor,R,COM,COM,Bon,10,30,2 - 4,Commerce,27,2,,,,,,06-09-2016,,,,,,Marc André,,Space Cowboys,,,,,2016-2017,Adultes,,"40 jetons, 90 cartes, 10 tuiles nobles",09/08/2019,
ok,275,Unanimo,R,EXP,EXP,Bon,7,20,3 - 10,Mots,12,1,,,,,Mathieu,11-06-2016,,,,,,,,Cocktail Games,,,,commander un bloc de score,2015-2016,Adultes,,"110 cartes, 1 bloc de score, 4 crayons, 1 règle",09/08/2019,
ok,276,Brouhaha,R,ASS,ASS,Bon,6,30,3 - 42,Animaux,9,1,,,,,,19-01-2016,,,,,,,,Cocktail Games,,,,,2015-2016,Adultes,,"2 cartes règle du jeu, 42 cartes animaux, 4 cartes chasseur",31/07/2019,
,277,Statues,R,EXP,EXP,Bon,10,20,4 - 8,Abstrait,13,1,,,54,,,11-06-2016,,,,,,,,Cocktail Games,,,,,2015-2016,Adultes,,1 sablier + 54 cartes donc 7 cartes num + 1 règle,,
ok,278,Wizards of Mickey,R,REF,REF,Bon,6,20,2,Disney,11,1,oui,,66,,,11-06-2016,,,,,,,,Iello,,,,,2015-2016,Enfants,1 jetons,1 tapis de jeu + 1 liret de règle + 12 jetons + 2 dec de 33 cartes,01/08/2019,
ok,279,Cheval à bascule - Little tikes,E,MOT,MOT,Bon,2,0,1,Animaux,30,2,,,,,,11-06-2016,,,,,,,,,,,,,2015-2016,Enfants,,1 cheval à bascule en plastique rouge,12/08/2019,
,280,Moto - trotteur,E,MOT,MOT,Usé,2,0,1,Véhicules,30,2,,,,,,11-06-2016,,,,,,,,,,,,,2015-2016,Enfants,,1 moto,12/08/2019,
ok,281,"2ème DB ""1"" Normandie",R,REF,REF,Usé,15,240,2,Guerre,20,2,,,,,,11-06-2016,,,,,,,,Jeux Descartes,,,,,2015-2016,Adultes,,"1 map, 2 tableaux de combat, 1 règle du jeu, 159 jetons bleu foncé, 3 jetons bleu clair, 16 pions blocage, 13 pions cloué, 133 pions verts",12/08/2019,
ok,282,Scotland Yard,R,ENQ,REF,Bon,8,60,2 - 6,Police,32,2,,,29,,,06-09-2016,,,,,,,,Ravensburger,,,,prévoir papier Mr X,2016-2017,Adultes,,"1 règle, 1 plateau, 6 pions, 29 cartes départ, 130 tickets, 3 tickets coup double, 5 tablettes à ticket, 1 tablette de déplacement, 1 casquette, 2 anneaux carton",06/08/2019,
ok,283,Kornol - Corn Hole,R,ADR,ADR,Bon,8,30,2 - 8,Bois,150,3,,,,,,11-06-2016,,,,,,,,,,,,,2015-2016,Animations,,"2 plances percées, 4 sacs oranges, 4 sacs noirs",12/08/2019,
ok,284,Captain Sonar,R,EQU,EXP,Bon,10,45,2 - 8,Guerre,35,2,,,,,,26-11-2016,,,,,,,,Matagot,,,,prévoir feutres,2016-2017,Adultes,,24 fiches de poste; 2 plastique transparent; 8 feutres; 2 paravents,06/08/2019,
ok,285,7 Wonders Duel extention Panthéon,R,REF,REF,Bon,10,45,2,Antiquité,15,1,,,,,,26-11-2016,,,,,,,,Asmodée,,,,,2016-2017,Adultes,3 jetons progrés en - ; 3 cartes merveilles en plus,1 plateau; 15 cartes divinité; 1 carte porte; 5 cartes grd temples; 2 cartes merveilles; 10 jetons mythologie; 3 jetons offrande; 1 jetons serpents; 3 jetons progrés; 1 pions minerves; 1 carnet score; 1 aides de jeu,06/08/2019,
ok,286,Star Realms + extensions Crisis,R,REF,REF,Bon,10,45,2,Science Fiction,30,2,,,,,,26-11-2016,,,,,,,,Iello,,,,,2016-2017,Adultes,,128 cartes,02/08/2019,
ok,287,Rush Hour duo,R,PAR,PAR,Bon,8,30,2,Véhicules,21,2,,,,,,26-11-2016,,,,,,,,Thinkfun,,,,,2016-2017,Enfants,,3 plateaux; 32 cartes; 2 voiture; 12 voitures obstacles ,01/08/2019,
ok,288,Bubblee Pop,R,COM,COM,Bon,8,30,2,Science Fiction,18,1,,,,,,26-11-2016,,,,,,,,Bankiiiz Editions,,,,,2016-2017,Adultes,1 piéces noir,régles ; 1 sac 1 plateau ; 96 pions,09/08/2019,
ok,289,Ice Cool,R,ADR,ADR,Abimé,6,30,2 - 4,Banquise,33,2,,,,,,26-11-2016,,,,,,,,Brain Games,,,,,2016-2017,Enfants,4 poissons ( 1 blanc 1 vert 2 rouges),régles; plateau en 5 boites ; 4 manchots ; 16 jetons poissons; 45 cartes poissons; 4 cartes rappel ; 4 cartes identité.,30/07/2019,
ok,290,Roll For the Galaxy extention Ambition,R,REF,REF,Bon,14,45,2 - 5,Science Fiction,30,2,,,,,,26-11-2016,,,,,,,,Gigamic,,,,,2016-2017,Adultes,10 jetons talent en plus,14 tuiles faction; 7 tuiles mondes dépars; 5 tuiles de jeu; 20 tuiles objectifs; 80 jetons talent; 38 dés; régle de jeu,06/08/2019,
ok,291,Petit prince,R,PAR,PAR,Bon,12,45,2 - 6,Science Fiction,40,3,,,,,,04-04-2017,,,,,,,,Ludonaute,,,,,2016-2017,Adultes,,,,
ok,292,Sea of clouds VF,R,REF,REF,Bon,10,45,2 - 4,Pirates,22,2,,,,,,04-04-2017,,,,,,,,Iello,,,,,2016-2017,Adultes,,94 cartes butin ; 65 doublons; 1 pions bateau; 4 plateau capitaine; 1 plateau central; 1 perroquet; 1 pions chapeau; 1 régle; 1 carnet de score,01/09/2019,
ok,294,Kingdomino,R,COM,COM,Bon,8,30,2 - 4,Médiéval,16,1,,,,,,04-04-2017,,,,,,,,Blue Orange Games,,,,,2016-2017,Adultes,,4 tuiles de départ ; 4 chateaux ; 48 dominos ; 8 rois,26/08/2019,
ok,295,Age de Pierre Junior (L'),R,COM,COM,Bon,5,30,2 - 4,Préhistoire,32,2,,,,,,04-04-2017,,,,,,,,Filosofia,,,,,2016-2017,Enfants,,1 régle;  15 tuiles hutte; 14 tuiles forêt ; 2 tuiles chien; 4 figurine + jetons; 20 marchandises: 4 plateaux village.,09/08/2019,
ok,296,Kikou le Coucou,R,ADR,ADR,Bon,4,30,2 - 5,Animaux,21,2,,,,,,04-04-2017,,,,,,,,Haba,,,,,2016-2017,Enfants,1 baton et 1 oeuf.,1 base de nid; 1 figurine; 70 baguettes; 20 oeufs; 1 régle,09/08/2019,
ok,297,Myrmes VF,R,REF,REF,Bon,10,90,2 - 4,Animaux,35,2,,,,,,04-04-2017,,,,,,,,Ystari Games,,,,,2016-2017,Adultes,,1 plateau; 3 dés; 8 tuiles élevage; 8 tuiles sous fourmilieres ; 4 marqueurs de scores; 20 tuiles objectifs; 1 jetons armée; 18 jetons proies; 1 pions 1er joueur; 90 cubes; par joueurs * 4 : 1 plateau indiv; 8 ouvrieres; 4 jetons galerie; 1 marqueurs; 8 nourrices; 5 cubes; 17 tuiles phéromone.,09/08/2019,
ok,298,Not Alone VF,R,EXP,EXP,Bon,10,45,2 - 7,Science Fiction,18,1,,,,,,04-04-2017,,,,,,,,Geek Attitude Games,,,,,2016-2017,Adultes,,1 plateau; 55 cartes lieu; 20 cartes traques; 15 cartes survie; 18 cubes; 1 pions secour; 1 pions assimilation; 1 pions balise; 3 jetons traque,01/08/2019,
ok,299,Deep Sea Adventure,R,REF,REF,Bon,8,30,2 - 6,Mer,20,2,,,,,,04-04-2017,,,,,,,,Oink Games,,,,,2016-2017,Adultes,,,,
,300,Brick Party,R,ADR,ADR,Bon,5,30,2 - 9,Abstrait,18,1,,,,,,04-04-2017,,,,,,,,Iello,,,,,2016-2017,Adultes,,,,
ok,301,New York 1901,R,REF,REF,Bon,8,45,2 - 4,Construction,35,2,,,,,,04-04-2017,,,,Vincent dutrait,,Chenier la salle,,Blue orange,,,,,2016-2017,Adultes,,1 plateau; 4 pions joueurs; 5 cartes bonus; 5 carte defi;65 cartes terrain;5 fiches perso; 16 ouvriers;4 jetons king;12 cartes action; 76 tuiles grattes ciel; 4 tuiles carrée,09/08/2019,
,302,Dr Eureka,R,ADR,ADR,Bon,6,30,2 - 4,Science,22,2,,,,,,04-04-2017,,,,Stephane Escapa,,Roberto Fraga,,Blue Orange,,,,,2016-2017,Adultes,,,,
ok,303,Hanabi,R,COO,EXP,Bon,8,30,2 - 5,Asie,10,1,,,,,,04-04-2017,,,,,,Antoine Bauza,,Cocktail Game,,,,,2016-2017,Adultes,,50 cartes; 8 jetons bleu; 3 jetons rouge;5cartes multicolores;régle,06/08/2019,
ok,304,7 Wonders - Leaders,R,REF,REF,Bon,10,45,2 - 7,Antiquité,20,2,,,,,,04-04-2017,,,,,,,,Superlude,,,,,2016-2017,Adultes,,"1 plateau ; 1 cartes merveille; 36 cartes leaders; 4 cartes guildes,17 pieces de monnaie; 1 marqueur courtisane; 1 carnet de score; 1 livre de régle, 1 carnet leaders vierge",09/08/2019,
ok,305,Poupon dormeur,S,ROL,ROL,Usé,2,0,1,Famille,30,2,,,,,Don Interlude,05-05-2017,,,,,,,,,,,,,2016-2017,Enfants,,1 ponpon,12/08/2019,
ok,306,Poupon couleurs,S,ROL,ROL,Usé,2,0,1,Famille,30,2,,,,,Don Interlude,05-05-2017,,,,,,,,,,,,1 pochette en plastic moyenne et 2 petites,2016-2017,Enfants,,1 poupon,12/08/2019,
ok,307,Puzzle Elmer,A,AGE,AGE,Usé,2,0,1,Animaux,20,2,,,,,,05-05-2017,,,,,,,,,,,,,2016-2017,Enfants,,,,
ok,308,Valise Docteur,S,ROL,ROL,Usé,2,0,1,Maladie,20,2,,,,,Don Ambarprix,05-05-2017,,,,,,,,,,,,,2016-2017,Enfants,,10 accesoires,12/08/2019,
ok,309,10 Cosmonautes,S,MIS,MIS,Bon,2,0,3,Science Fiction,10,1,,,,,,05-05-2017,,,,,,,,,,,,,2016-2017,Enfants,1 tête et un chapeau,"10 corps, 10 têtes, 10 chapeaux",12/08/2019,
ok,310,Bermudes,R,COM,COM,Bon,10,15,3 - 6,Mer,10,1,,,,,,06-10-2017,,,,Sandra et Olivier Freudenreich,,Carlo Emanuelle Lanzavecchia,,Gigamic,,,,,2017-2018,Adultes,,92 cartes,06/08/2019,
ok,311,Galèrapagos,R,EQU,ASS,Bon,10,20,3 - 12,Mer,20,2,,,,,,06-10-2017,,,,Aucomte,,Laurence et Philippe Gamelin,,Gigamic,,,,,2017-2018,Adultes,1 pions eau,"6 boules en bois; 12 cartes radeau; 1 socle bateau; 54 cartes épave;  12 cartes poisson/mort;12 cartes météo; 1 cartes 1er joueurs, 1 plateau; 1 pions eau; 1 pions nourriture;1 pions joueurs; 1 sac",01/08/2019,
ok,312,Légende du Wendigo (La),R,ASS,ASS,Bon,6,10,2 - 6,Monstres,15,1,,,,,,06-10-2017,,,,,,Hargrave,,Matagot,,,,,2017-2018,Enfants,le sablier,1 règle du jeu ; 32 tuiles scout ; 32 tuiles wendigo ; 1 sablier,26/08/2019,
ok,313,Splendor exention : Les cités,R,COM,COM,Bon,10,30,2 - 4,Commerce,25,2,,,,,,06-10-2017,,,,Quidault,,Marc André,,Space Cowboys,,,,,2017-2018,Adultes,,12 bastions; 1 plateau orient; 20 blasson; 30 cartes développement; 7 tuiled R/V,01/08/2019,
ok,314,Quarto,R,COM,COM,Bon,8,15,2,Abstrait,25,2,,,,,,06-10-2017,,,,,,Blaise Muller,,Gigamic,,,,,2017-2018,Adultes,,1 plateau; 16 piéce en bois; 1 sac; 1 régle,09/08/2019,
ok,315,Perlatette,R,EQU,ADR,Bon,6,15,2 - 5,Fantasy,30,2,,,,,,06-10-2017,,,,Rolf Vogt,,Marco Teubner,,Sentosphère,,,,,2017-2018,Enfants,1 jeton baie,1 plateau; 8 arbres; 24 tuiles object; 20 étoiles; 108 baies; 10 cartes lutin; 1 sablier; 4 boutons; 4 blocs de mousse; 1 sorciere; 1 chapeau; 1 sac,01/08/2019,
ok,316,Train Lillabo ,S,MIS,MIS,Bon,2,0,1,Véhicules,90,3,,,,,,06-10-2017,,,,,,,,Ikea,,,,,2017-2018,Enfants,,"136 piéces circuits; 13 véhicules , + 8 pieces détachables véhicules",12/08/2019,
ok,317,Garage Lillabo,S,MIS,MIS,Bon,2,0,1,Véhicules,22,2,,,,,,06-10-2017,,,,,https://www.ikea.com/fr/fr/assembly_instructions/lillabo-garage-avec-depanneuse__AA-923856-1_pub.pdf,,,Jeux Opla,,,,,2017-2018,Enfants,,1 rampe; 5 cotés; 2 portes; 1 fond et 1 dessus; 4 vehicule,12/08/2019,
ok,318,Lit poupon Duktig,S,ROL,ROL,Bon,2,0,1,Famille,15,1,,,,,,06-10-2017,,,,,,,,,,,,,2017-2018,Enfants,,"1 lit, 1 oreillet; 1 drap; 1 couverture",12/08/2019,
ok,319,Lit poupon Duktig,S,ROL,ROL,Bon,2,0,1,Famille,15,1,,,,,,06-10-2017,,,,,,,,,,,,,2017-2018,Enfants,,"1 lit, 1 oreillet; 1 drap; 1 couverture",12/08/2019,
ok,320,Chiens Gosig Golden,S,ROL,ROL,Bon,1,0,1,Animaux ,30,2,,,,,,06-10-2017,,,,,,,,Ikea,,,,,2017-2018,Enfants,,2 chiens,12/08/2019,
ok,321,Hochets Leka,E,SEN,SEN,Bon,0,0,1,Petite enfance,15,1,,,,,,06-10-2017,,,,,,,,ikea,,,,,2017-2018,Enfants,1 hochets,5 hochets + 1 winnie,12/08/2019,
ok,322,Tapis Leka,E,SEN,SEN,Bon,0,0,1,Petite enfance,30,2,,,,,,06-10-2017,,,,,,,,Ikea,,,,,2017-2018,Enfants,,1 tapis,12/08/2019,
ok,323,Terraforming Mars,R,REF,REF,Bon,12,90 - 120,1 - 5 ,Science Fiction,49.9,3,,,,,,18-01-2018,,,,,,Jacob Fryxelius,,Intrafin,,,,,2017-2018,Adultes,,1 livret; 1 plateau; 200 cubes joueurs (transparent); 200 cubes ressources; 5 plateaux indiv: 233 cartes; 80 tuiles;3 marqueurs; 1 marqueur 1er joueur,09/08/2019,
ok,324,Monster Propre,R,ADR,ADR,Bon,7,15,2 - 5,Monstres,22.5,2,,,,,,06-09-2016,,,,,,,,Haba,,,,,2016-2017,Enfants,,regles ; 48 cartes monstres ;  40 pinces à linges; 12 pinces dorée; 1 fils à linges,30/07/2019,
ok,325,Hop le j'ton,R,ADR,ADR,Bon,6,15,2 - 4,Ecole,19.5,1,,,,,F. Toscano,11-06-2017,,,,,,Florent Toscano,,Opla,,,,,2016-2017,Adultes,,regles ; 49 jetons,30/07/2019,
ok,326,Queendomino,R,REF,REF,Bon,8,25,2 - 4,Médiéval,27,2,,,,,,18-01-2018,,,,Cyril Bouquet,,Cathala,,Blue Orange,,,,,2017-2018,Adultes,,régles; 4 tuiles dépard; 4 chateaux; 48 dominos; 32 tuiles batiments ; 8 figurines roi; 22 chevaliers ; 15 tours ; 42 piéces ; 1 plateau batisseur; 1 figurine reine; 1 dragon; 1 carnets score,31/07/2019,
ok,327,Jamaica,R,PAR,PAR,Bon,8,30 - 60,2 - 6 ,Pirates,36,2,,,,,,18-01-2018,,,,Leyssenne,,Cathala/Pauchon/Braff,,Gameworks,,,,,2017-2018,Adultes,,1 plateau; 66 cartes actions;  80 doublons; 45 jetons nourriture; 45 jetons poudre; 9 jetons trésor; 12 cartes trésor; 1 boussole; 2 dés actions; 1 dés combat; 6 bateaux; 6 plaques cales.,09/08/2019,
ok,328,Mascarade,R,EXP,EXP,Bon,10,30,2 - 13 ,Médiéval,18,1,,,,,,18-01-2018,,,,Masson,,Faidutti,,Repos Production,,,,,2017-2018,Adultes,1 cartes perso et un jeton en plus,13 cartes perso ; 1 carte perso vierge; 1 plateau tribunal ; valeur de 194 pieces ; 14 marqueurs perso dont un vierge ; 5 aides de jeu,30/07/2019,
ok,329,Empereur (L'),R,PAR,PAR,Bon,8,15,2 - 4,Nature,14.5,1,,,,,,11-06-2017,,,,,,Toscano/poncet,,Opla,,,,,2016-2017,Adultes,,"32 tuiles banquise, 6 jetons météo; 3 beau temps; 3 mauvais temps; 4 manchots",09/08/2019,
ok,330,Souk,R,COM,COM,Bon,8,30,3 - 5,Moyen Orient,14,1,,,105,,,18-01-2018,,,,Leyssenne,,Gary kim,,Asmodée,,,,,2017-2018,Adultes,,"1058 cartes épices, 5 cartes aide mémoires, 1 pion premier joueur, 1 plateu et 1 livret de règles",09/08/2019,
ok,331,Saboteur,R,EQU,PAR,Bon,8,30,3 - 10,Fantasy,12,1,,,,,,18-01-2018,,,,,,Moyersoen,,Gigamic,,,,,2017-2018,Adultes,,44 cartes chemins ; 27 cartes action ; 28 cartes or ; 11 cartes nain ; 1 règle du jeu,26/08/2019,
ok,332,Pandemic,R,REF,REF,Bon,8,45,2 - 4,Science,34.95,2,,,,,,01-09-2017,,,,,,Matt Leacock,,Filosofia,,,,,2017-2018,Adultes,,7 cartes rôle; 7 pions ; 59 cartes joueurs ; 4 aides de jeu; 48 cartes propagations; 96 cubes; 4 marqueurs 1 marqueur vitesse; 1 marqueur eclosion; 6 stations; 1 plateau  ; régles,31/07/2019,
vendu,333,Anima - Le crépuscule des dieux,R,REF,REF,Moyen,12,40 - 100,2 - 5 ,Fantasy,10,1,oui,,,,Don Ludikbazar,18-01-2018,,,,Wen Yu Li,,Carlos B Garcia,,Edge Entertainement,,,,,2017-2018,Adultes,,110 cartes ; 2 dés de 6 ; 1 dé de 10; 4 pions,01/08/2019,
vendu,334,Deluges,R,REF,REF,Bon,15,90,3 - 4 ,Antiquité,25,2,oui,,,,Don Ludikbazar,18-01-2018,,,,Joël Belin,,Besançon / Marchal,,Le Joueur,,,,,2017-2018,Adultes,,96 piions ouvriers; 24 pions fanatiques; 32 pions bateaux; 48 pions dolmen; 8 pions port ; 8 greniers; 32 piions de 5 ouvriers; 20 pions guerriers; 48 monuments; 24 merveilles; 8 casernes; 24 pions mines; 48 marqueurs deforestations; 24 marqueurs case; 13 marqueurs inondations; 1 marqueur montées des eaux; 2 régles; 4 4 aides de jeu; 250 pions ressources; 50 pions cuivres,31/07/2019,
A vendre,335,Fantasy SA,R,REF,REF,Bon,12,20,2 - 5,Fantasy,10,1,oui,280 gr,100,63*88,Don Ludikbazar,18-01-2018,,,,,,Sylvie Barc,,Asmodée,,,,,2017-2018,Adultes,-1 carte exploit   +1 cartes heros,"1 regles, 2 dés de 6, 5 cartes chevaliers (jaune,rose,vert,marron,bleu) , 30 cartes exploits ( dos parchemin) 40 cartes héros( dos ecu), 24 cartes sponsor ( dos parchemin)",25/11/2018,
ok,337,Vaches à la ferme (Les),A,AGE,AGE,Bon,3,0,1,Animaux,11.9,1,,,,,Géraldine,01-09-2017,,,,,,,,Djeco,,,,,2017-2018,Enfants,,24 piéces,12/08/2019,
ok,338,Timeline Multi-thèmes,R,EXP,EXP,Bon,8,15,2 - 8,Abstrait,13.95,1,,100 gr,55,64*42,,05-01-2016,,,,,,,,Asmodée,,,,,2015-2016,Adultes,,"1 régle, 55 cartes",31/07/2019,
ok,340,3 puzzles en bois,A,AGE,AGE,Bon,3,0,1,Animaux,10,1,,,,,Géraldine,05-01-2016,,,,,,,,,,,,,2015-2016,Enfants,,13 piéces,12/08/2019,
ok,342,Camel Up,R,PAR,PAR,Bon,8,30,2 - 8,Moyen Orient,31.5,2,,,,,,01-09-2018,,,,,,,,Filosofia,,,,,2017-2018,Adultes,,1 pyramide; 1 plateau de jeu; 5 chameux; 5 dés; 40 cartes pari/course; 15 tuiles pari; 5 tuiles pyramide; 50 piéces; 20 cartes livres,02/08/2019,
a vendre,344,Witty Chronos,R,REF,REF,Bon,8,30,3 - 10,Antiquité,15,1,oui,,,,Don Grande Récré,05-01-2017,,,,,,,,Witty Editions,,,,,2016-2017,Adultes,,10 sabliers; 10 marqueur; 55 cartes; 10 jetons; 1 sac,01/08/2019,
A vendre,345,Méli Mélo,A,AGE,AGE,Abimé,3,0,1,Puzzle,10,1,oui,,,,Géraldine,05-01-2016,,,,,,,,Lily Poule,,,,,2015-2016,Enfants,1 cartes,20 cartes,31/07/2019,
ok,346,When I Dream,R,EXP,EXP,Bon,8,30,4 - 10,Imaginaire,27,2,,,,,,27-01-2018,,,,,,darsaklis,,repos Production,,,,,2017-2018,Adultes,,11 cartes esprit ; 110 cartes rêves ; 104 jetons ; 1 lit ; 1 tête de lit ; 1 plateau ; 1 masque ; 1 sablier ; 1 livret de règles,26/08/2019,
ok,347,Century,R,REF,REF,Bon,8,30,2 - 5,Commerce,31.5,2,,,94,70*121,,01-01-2018,,,,ferannda Suarez,,Emerson Matsuuchi,,Plan B game,,,,,2017-2018,Adultes,,"5 cartes caravanes, 36 cartes points, 53 cartes marchands, 105 cubes en bois; 4 bols, 20 piéces en métal; régle",23/08/2019,
serait vendu,348,Code Names Images,R,EQU,EXP,Bon,10,15,2 - 8,Mots,17.9,1,,560 g,200,67*67  75*58,,30-10-2016,,,,,,Vlaada Chvatil,,Iello,,,,,2016-2017,Adultes,,"1 regle 7 tuiles bleue, 7 tuiles rouge, 1 tuiles extra, 4 tuiles neutre, 1 tuile assasin, 140 cartes image, 60 cartes clé, 1 suuport de carte ",09/08/2019,
serait vendu,349,Arrêt de bus,R,QUE,QUE,Bon,4,,2 - 4 ,Ville,5,1,oui,,,,Géraldine,05-01-2016,,,,,,,,Orchard Toys,,,,,2015-2016,Enfants,,"1 tableau decoupé , 4 bus ; 4 jetons bus ; 4 portes jetons ; 40 cartes passagers; 2 dés",12/08/2019,
serait vendu,350,Code Names Images,R,EQU,EXP,Bon,10,15,2 - 8,Mots,17.9,1,oui,,,,,30-10-2017,,,,,,Vlaada Chvatil,,Iello,,,,,2017-2018,Adultes,1 cartes passager,"1 regle 7 tuiles bleue, 7 tuiles rouge, 1 tuiles extra, 4 tuiles neutre, 1 tuile assasin, 140 cartes image, 60 cartes clé, 1 suuport de carte ",30/07/2018,
ok,351,Bunny Kingdom,R,REF,REF,Bon,12,45,2 - 4,Médiéval,40.5,3,,,,,Don Iello,30-10-2017,,,,Paul Mafayon,,Richard Garfield,,Iello,,,,,2017-2018,Adultes,3 fig en +,"1 plateau , 144 figurines; 39 cité; 24 jetons construction; 182 cartes; 4 aide de jeu",09/08/2019,
ok,352,Bingo,R,ASS,ASS,Bon,3,,,Animaux,8,1,,,,,Géraldine,05-01-2016,,,,,,,,Haba,,,,,2015-2016,Enfants,,1 cadran animaux ; 4 plateau joueur ; 24 jetons animaux,30/07/2019,
ok,353,Booo!,R,PAR,PAR,Bon,7,30,2 - 6,Fantômes,18.9,1,,,,,Don Ambarprix,01-05-2017,,,,Tony Rochon,,Christophe Gonthier,,Blackrock,,,,,2016-2017,Adultes,,régles; 9 tuiles ; 15 jetons visiteurs; 1 fantôme ; 6 tuiles mûr; 4 jetons spéciales; 8 élements plateaux;,31/07/2019,
ok,354,Catan - Junior,R,REF,REF,Bon,6,30,3 - 4 ,Pirates,27,2,,,,,,18-01-2018,,,,,,Klaus Teuber,,Kosmos,,,,,2017-2018,Enfants,,1 plateau R/V; 1 dé; 28 figurine plastique et 28 bois forteresse; 32 figurine bateau plastique et 32 bois; 1fantome; 24 cartes coco; 95 cartes ressources; 1 plateau marché; 4 tuiles port; 4 aide de jeu.,31/07/2019,
serait vendu,355,C'était quand la dernière fois ... ?,R,QUE,QUE,Bon,14,45,3 - 6 ,Abstrait,15,1,oui,900 g,300,90*59,Don Grande Récré,05-01-2017,,,,,,,,Tactic,,,,,2016-2017,Adultes,,"1 régles, 1 plateau, 300 cartes Q/R, 6 pions jeu, 6 cadrans réponse",07/10/2018,
ok,356,Voodoo,R,HAS,HAS,Bon,8,30,3 - 6 ,Fantasy,13.95,1,,,,,Don Dominique,01-01-2018,,,,,,Giovo/Valtriani,,Intrafin,,,,,2017-2018,Adultes,1 poupée ,1 régles; 10 cartes malédictions permanentes ; 36 cartes malédictions ; 6 sphéres ; 5 dés ; 13 cartes artefact ; 1 poupée ; 1 carte cible,31/07/2019,
vendu,357,Raid & Trade,R,REF,REF,Bon,14,45,3 - 5,Commerce,50,3,oui,,,,Don Ludikbazar,18-01-2018,,,,,,,,Edge,,,,,2017-2018,Adultes,,5 figurine; 5 tableau de bord; 9 dalle ville r/v; 1 dalle heliport r/v; 4 pions négociant; 70 cartes objet; 50 tuiles maison; 50 cartes pillage; 6 dés;; 10 cartes evenements; 11 cartes quêtes; 30 cartes incidents; 6 tuiles gardes; 2 pions heliport; 130 pions ressource; 5 disque de crédit; 1 tuiles avant poste et figurine. 1 sac.,01/08/2019,
ok,358,King of Tokyo,R,REF,REF,Bon,8,30,2 - 6,Monstres,28.9,2,,,,,,01-01-2018,,,,Torres,,Garfield,,Iello,,,,,2017-2018,Adultes,,,,
ok,359,Dead of Winter,R,EQU,REF,Bon,14,60 - 120,2 - 5,Zombies,53.9,3,,,,,,18-01-2018,,,,,,,,Filosofia,,,,,2017-2018,Adultes,1 jetons zombies en plus; 1 jetons barricades en plus; 4 jetons blessures en plus,10 cartes obj; 24 cartes perso;10 cartes obj traitre; 10 cartes obj exilé; 30 cartes survivants; 5 plateaux; 1 jetons 1er joueur; 25 cartes objet départ; 20 cartes objets biblio; 20 cartes objet écoles; 20 hopitals; 20 poste de police; 20 sations services; 20 super marché; 20 cartes grises; 80 croisée des chemins; 25 jetons blessure; 20 jetons survivant; 20 nourriture; 20 bruit; 20 barricades; 6 famine; 2 marqeurs; 30 zombies; 20 jetons zombies; 30 survivants; 60 socles; 1 plateau; 6 cartes lieu; 1 régle; 30 dés; 1 dé de risque ,02/08/2019,
a vendre,360,Battlelore,R,REF,REF,Bon,14,90,2,Fantasy,72,3,oui,,,,Don Ludikbazar,18-01-2018,,,,Mattias Kolloros,,Richard Borg,,Days of Wonder,,,,,2017-2018,Adultes,,15 archers bleu; 15 gardes; 9 chevalier ; 6 golems; 1 roc. 15 legions rouge; 15 faucheurs; 9 écorcheur; 6 obscenes; 1 seigneur. 1 plateau; 1 livret référence; 40 cartes commandement; 40 cartes arcane; 6 cartes armée; 10 cartes reference; 35 tuiles terrain; 14 cartes scénario; 56 cartes déploiement; 1 pions 1er joueur; 4 pions terrain; 4 marqueurs banniére; 18 pions arcanes; 17 pions PV; 8 pions dégat; 6 marqueur poison; 2 marqueur portail; 4 marqueur sonné; 3 marqueurs nuée; 4 dés,01/08/2019,
ok,361,Colorino,A,AGE,AGE,Bon,2,0,1,Abstrait,17,1,,,,,Géraldine,05-01-2017,,,,,,,,Ravensburger,,,,,2016-2017,Enfants,1 dés,1 support transparent; 6 planche; 40 pions,12/08/2019,
ok,362,Formes et Couleurs,A,AGE,AGE,Abimé,3,0,1 - 4,Abstrait,10,1,,,,,Géraldine,05-01-2017,,,,,,,,,,,,,2016-2017,Enfants,1 piéce,2 dés ; 4 planches ;16 piéces plastique,31/07/2019,
A vendre,363,Faqir,R,ADR,ADR,Bon,7,30,2 - 4,Moyen Orient,15,1,oui,,,,Don Grande Récré,05-01-2017,,,,,,Philippe Proux,,Ludarden,,,,,2016-2017,Enfants,,1 lit; 28 cônes; 24 cartes; 4 paravents; 1 sac,01/08/2019,
serait vendu,364,The Island,R,REF,REF,Bon,8,45,2 - 4,Aventure,31.5,2,oui,,,,Don Jean Michel,05-05-2017,,,,,,,,Asmodée,,,,,2016-2017,Adultes,,1 plateau; 40 tuiles terrain; 40 pions explo; 5 pions serpent; 6 pions requin; 5 pions baleine;12 pions bateau; 1 dé; 1 regles,09/08/2019,
ok,365,Poker des cafards (Le),R,EXP,EXP,Bon,8,30,2 - 6,Animaux,10,1,,,,,,18-01-2018,,,,,,Zeimet,,Gigamic,,,,,2017-2018,Adultes,,64 cartes régle,09/08/2019,
ok,366,Montagnes hallucinées,R,COO,EXP,Bon,12,60,3 - 5,Cthulhu,32.5,2,,,,,Don Iello,30-10-2017,,,,Miguel Coimbra,,Rob Daviau,,Iello,,,,,2017-2018,Adultes,,1 plateau; 5 plateau joueur; 1 avion; 1 sablier; 1 plateau traineau; 6 jetons leadership; 1 dé malus; 36 tuiles; 66 carte folie; 11 jetons relique; 48 cartes équipement; 11 cartes relique 15 cartes blessure,09/08/2019,
ok,367,Dice Forge,R,REF,REF,Bon,10,45,2 - 4,Antiquité,35.9,2,,,,,,01-09-2017,,,,Biboun,,Régis Bonnessée,,Libellud,,,,,2017-2018,Adultes,4 jetons,1 plateau temple; 1 plateau ile; 96 cartes; 1 jetons compte tour; 8 dés; 108 faces; 4 inventaire; 4 pions héros; 20 cubes; 4 extension réserve; 20 jetons; 1 jetons 1er joueur; 1 aide de jeu,02/08/2019,
ok,368,Hop la puce,R,ADR,ADR,Bon,6,15,2 - 4,Ecole,21,2,,152,12,56*85,,18-01-2018,,,,,,Florent Toscano,,Opla,,,,,2017-2018,Adultes,,,30/07/2019,
ok,369,Pom pom,R,COM,COM,Bon,6,10,2 - 6,"Nature
",15,1,,160,55,55*84,,18-01-2018,,,,Johanna Poncet,http://img4.trictrac.net/generate/default_100_100/1370440372.51af42b421609.jpg,Poncet/Toscano,,Opla,,,,,2017-2018,Adultes,,55 cartes : 12 printemp (verte) 12 été (jaune) 12 autonme (brune 12 hiver (grise).   4 calamité 3 marché.   1 régle,30/07/2019,
A vendre,370,Siècle d'Or (Le),R,REF,REF,Bon,10,60,3 - 4,Médiéval,30,2,oui,,,,Don Ludikbazar,18-01-2018,,,,Menzel,,Colovini/Bau,,Phalanx Games,,,,,2017-2018,Adultes,,110 cartes; 1 plateau; 20 pions mouvement; 24 marqueurs; 1 pions stathouder; 60 piéces; 2 dés; 1 livret,01/08/2019,
ok,371,Paf Muraille,R,ADR,ADR,Abimé,5,30,1 - 4,Médiéval,22.95,2,,,,,,09-09-2016,,,,,,,,Iello,,,,,2016-2017,Enfants,2 elements;1 figurine;,1 plateau; 1 boulet; 3 figurine; 26 éléments chateau; 12 jetons; 1 dé; 1 régle,06/08/2019,
A vendre,374,Lola et Théo,R,ASS,ASS,Abimé,3,10,1 - 4,Mémoire,10,1,oui,,,,Géraldine,05-01-2017,,,,,,,,,,,,,2016-2017,Enfants,,30 jetons,31/07/2019,
a vendre,376,Dogs of War,R,REF,REF,Bon,14,75,3 - 5,Médiéval,54,3,oui,,,,Don Ludikbazar,18-01-2018,,,,,,paolo Mori,,Edge Entertainement et CoolMiniOrNot,,,,boite abimée,2017-2018,Adultes,,1 plateau; 1 marqueur année; 1 pion 1er joueur; 6 pions récompense;50 cartes soldats;36 piéces; 60 pions PV; 72 pions influence; 32 cartes tactique; 6 cartes maison; 6 cartes soutien;5 écran; 8 tuiles ordre de bataille 6 pions victoire; 3 curseur ascendant; 30 capitaines,01/09/2019,
ok,377,Canardage,R,REF,REF,Bon,8,20,3 - 6,Nature,13.5,1,,,,,,18-01-2018,,,,Randy Martinez,,Keith Meyers,,Gigamic,,,,,2017-2018,Adultes,,1 plateau; 6 cibles; 41 cartes canard; 54 cartes actions,09/08/2019,
ok,378,Schotten Totten,R,COM,COM,Bon,8,20,2,Médiéval,10.95,1,,,,,,18-01-2018,,,,Djib,,Reiner Knizia,,Iello,,,,,2017-2018,Adultes,,54 cartes de 1 à 9; 10 cartes tactiques;9 tuiles bornes; 2 aides de jeu; 1livret,02/08/2019,
serait vendu,379,Trois petits cochons (les),A,AGE,AGE,Bon,3,,1,Abstrait,24.99,2,oui,,,,,18-01-2018,,,,,,,,Nathan,,,,,2017-2018,Enfants,,1 plateau; 3 cochons; 1 loup; 3 maison; livre; 1 sablier,02/08/2019,
ok,380,Miss Kipik,R,ADR,ADR,Abimé,4,10,2 - 4,Animaux,15,1,,,,,Géraldine,05-01-2017,,,,,,Baker,,Games Workshop,,,,,2016-2017,Enfants,1 insectes ; 1pince,"1 miss tipik ; 20 insectes; 1 pince , 1 roue",31/07/2019,
A vendre,381,Brunan,R,REF,REF,Bon,11,30,3 - 6,Fantasy,26,2,oui,,,,Don Ludikbazar,18-01-2018,,,,,,,,Les XII singes,,,,,2017-2018,Adultes,,55 cartes defi; 7 fiche héros; 1 plan; 3 dés de 6 ; 6 jetons blessures; livret aventure; livret de regle,01/08/2019,
ok,382,Folix,R,QUE,QUE,Abimé,6,30,1 - 8,Abstrait,25,2,oui,,,,Géraldine,05-01-2017,,,,,,Anaton,,Anaton's Editions,,,,,2016-2017,Enfants,,,,
ok,383,Puzzle - Tiere der Welt,A,AGE,AGE,Bon,5,15,1,Animaux,15,1,,,,,Don,18-01-2018,,,,,,,,,,,,,2017-2018,Enfants,,5 puzzle de 35 piéces,12/08/2019,
vendu,384,Winter Tales,R,EXP,EXP,Bon,14,90,3 - 7,Fantastique,44,3,oui,1350 g,124,120*70  63*40,Don Ludikbazar,18-01-2018,,,,,,Santu/Jocularis,,Fantasy Flight Games,,,,,2017-2018,Adultes,,"1 regle, 1 livret présentation, 1 plateau, 7 cartes perso rebelle, 7 cartes perso soldat, 93 cartes narration, 3 cartes neutre, 7 cartes obj rebelle, 7 cartes obj soldat, 7 fiches reference, 7 pions rebelles, 7 pions soldat, 15 support, 7 pions factions , 8 pions quête, 1 pion joueur actif, 1 pion arbitre, 1 pions quete en cour, 1 marque page, 1 pion épilogue, 6 pions pouvoir",28/10/2018,
ok,385,Block Out,R,ADR,ADR,Bon,8,15,2 - 6,Abstrait,15,1,,,,,,01-09-2017,,,,,,,,Tactic,,,,,2017-2018,Adultes,,"9 blocs; 43 cartes blocs, 12 cartes actions",09/08/2019,
ok,386,Heros Quest,R,REF,REF,Collection,12,90,2 - 5 ,Fantasy,80,3,,,,,Don Olivier,18-01-2018,,,,,,,,,,,,,2017-2018,Adultes,,35 figurines; 21 portes avec base; 15 élements mobilier; 1 régle; 1 plateau; 1 blocs feuille; 4 cartes perso; 64 cartes de jeu; 6 dés; 1 livre de quête; 1 écran,12/08/2009,
serait vendu,387,Déclic,R,EXP,EXP,Bon,8,20,3 - 8,Abstrait,11,1,oui,,,,,06-09-2016,,,,,,Julien Sentis,,Ferti,,,,,2016-2017,Adultes,,89 cartes; 1 cartes vrais/faux; 1 cible en mousse;1 livrets,02/08/2019,
serait vendu,388,Liens de Sang,R,REF,REF,Bon,14,20,6 - 12,Fantasy,16,1,oui,,,,Don Ludikbazar,18-01-2018,,,,,,Krenzer,,Fantasy Flight Games,,,,,2017-2018,Adultes,,9 cartes perso ; 2 cartes inquisiteur; 9 cartes perso clan ; 12 cartes référence; 65 pions ; 22 cartes capacités ; 1 dague,31/07/2019,
ok,389,Tigre et Euphrate,R,REF,REF,Bon,14,60 - 120,2 - 4,Antiquité,54,3,,,,,,06-09-2016,,,,,,Reiner Knizia,,Edge,,,,,2016-2017,Adultes,1 tuiles marchandis 5 pts,1 plateau; 153 tuiles civilisations; 4 tuiles unifications; 8 tuiles catastrophes; 4 paravents; 140 pions victoire; 16 chefs plastique; 6 monuments; 1 sac en tissu; (optionnel): 4 batiments; 1 tuiles merveilles; 1 idoles,09/08/2019,
ok,390,Trésor des dragons,R,ASS,ASS,Bon,6,15,2 - 5,Fantasy,21,2,,,,,,18-01-2018,,,,,,Reiner Knizia,,Oya,,,,,2017-2018,Enfants,,49 cartes ; régles,31/07/2019,
A vendre,391,Puzzle - Cars,A,AGE,AGE,Usé,4,10,1,Véhicules,10,1,,,,,Géraldine,05-01-2017,,,,,,,,,,,,,2016-2017,Enfants,,36 piéces,12/08/2019,
ok,392,Clac clac,R,ASS,ASS,Bon,4,15,2 - 6,Abstrait,24,2,,,,,,18-01-2018,,,,,,Haim Shafir,,Gigamic,,,,,2017-2018,Enfants,,36 disque; 1 dé; 1 régle,01/08/2019,
ok,393,Compact Curling,R,ADR,ADR,Bon,6,10,2 - 8,Abstrait,21,2,,,,,,18-01-2018,,,,,,,,Iello,,,,,2017-2018,Adultes,2 eponges en -,"1 piste; 8 pierre, 2 barre aimantées; 2 eponges 1 régles",09/08/2019,
ok,394,Magic Maze,R,COO,PAR,Bon,8,15,1 - 8,Fantasy,23,2,,,,,,18-01-2018,,,,Gyom,,Kasper Lapp,,Sit Down,,,,,2017-2018,Adultes,,24 tuiles centre commercial ; 4 pions ; 12 jetons HS ; 16 tuiles action ; 1 sablier ; 1 pion géant ; 1 feuille de scores ; 1 tuile vol  ,26/08/2019,
vendu,395,Contrario,R,EXP,EXP,Bon,12,15,3 - 10,Mots,21,2,oui,420,200,57*87,,01-09-2016,,,,,,,,Cocktail Games,,,,,2016-2017,Adultes,1 buzzer,"1 regle, 1 sac, 200 cartes, 1 buzzer.",25/11/2018,
ok,396,Fusée 4 étages Hape,S,MIS,MIS,Bon,3,0,1,Science Fiction,87,3,,,,,,05-01-2017,,,,,,,Hape Toys,,,,,,2016-2017,Enfants,,20 piéces,12/08/2019,
ok,397,Miaou Miaou,R,ASS,ASS,Bon,5,,2 - 5 ,Nature,9,1,,,,,Don Sandrine,05-01-2017,,,,Anja Wrede,,Ulrike Fischer,,Haba,,,,,2016-2017,Enfants,,52 cartes ; régles ; 6 pions chat.,30/07/2019,
A vendre,398,Tarot Décalé (Le),R,COM,COM,Bon,8,10,2 - 5,Cartes,10,1,oui,,,,Géraldine,05-01-2017,,,,,,,,Widyka,,,,,2016-2017,Enfants,,50 cartes; régles.,31/07/2019,
ok,400,Puzzle Petit ours brun,A,AGE,AGE,Abimé,2,10,1 - 4,Puzzle,10,1,,,,,Géraldine,05-01-2017,,,,,,,,,,,,,2016-2017,Enfants,,24 piéces,12/08/2019,
ok,402,Great patriotic war (the),R,REF,REF,Abimé,14,60 - 180,2,Guerre,49,3,,,,,Don Sylvie,01-05-2015,,,,,,,,GDW games,,,,https://boardgamegeek.com/boardgame/5724/great-patriotic-war,2015-2016,Adultes,,pas fait; trop vieux,12/08/2019,
A vendre,403,Euroland,R,QUE,QUE,Bon,7,60,2 - 4,Découverte,10,1,oui,,,,Don Sylvie,01-05-2015,,,,,,,,Dujardin,,,,,2015-2016,Adultes,,1 plateau; 4 pions animaux; 110 cartes; 1 sabots; 1 tableau trajets; 1 tableau trajet; des billets; un jeu de jetons temps; 1 livret pays; 1 livret europe; 1 livret euro; 1 régle ,12/08/2019,
ok,404,Motricité : 4 tentes et 3 tunnels,E,MOT,MOT,Usé,3,0,1,Abstrait,80,3,,,,,,05-01-2017,,,,,,,,,,,,MJC,2016-2017,Enfants,,,,
ok,405,Lot de 5 hochets,E,SEN,SEN,Bon,0,1,1,Petite enfance,10,1,,,,,,18-01-2018,,,,,,,,,,,,,2017-2018,Enfants,1 hochet,1 boite ; 5 hochet,12/08/2019,
ok,406,Cheval à tirer,E,MOT,MOT,usé,1,1,1,Animaux,10,1,,,,,,18-01-2018,,,,,,,,,,,,,2017-2018,Enfants,,1 cheval,12/08/2019,
ok,407,Chat à tirer,E,MOT,MOT,Usé,1,1,1,Animaux,5,1,,,,,,18-01-2018,,,,,,,,,,,,,2017-2018,Enfants,,1 chat,12/08/2019,
ok,408,Vache à tirer,E,MOT,MOT,Usé,1,1,1,Animaux,5,1,,,,,,18-01-2018,,,,,,,,,,,,,2017-2018,Enfants,,1 vache,12/08/2019,
ok,409,Oiseau à encastrer,A,AGE,AGE,Usé,1,10,1,Animaux,15,1,,,,,,18-01-2018,,,,,,,,,,,,,2017-2018,Enfants,,,,
ok,410,Uno mini,R,ASS,ASS,Usé,7,20,2 - 4,Abstrait,5,1,,,,,,18-01-2018,,,,,,,,,,,,,2017-2018,Enfants,,56 cartes; régles,31/07/2019,
ok,411,Dinette couleur,S,ROL,ROL,Bon,3,0,1,Nourriture,10,1,,,,,,05-01-2017,,,,,,,,,,,,,2016-2017,Enfants,,"6 assiette, 4 coupelles; 5 vert; 6 fourchettes; 6 couteaux; 5 cuilleres.",12/08/2019,
ok,412,Lot fruits et légumes + panier rouge,S,ROL,ROL,Bon,3,0,1,Nourriture,25,2,,,,,Don Christelle,05-01-2017,,,,,,,,,,,,,2016-2017,Enfants,,lots de différents fruits et légume,12/08/2019,
ok,413,Lot duplos,A,COS,COS,Usé,2,0,1,Abstrait,30,2,,,,,Don Christelle,05-01-2017,,,,,,,,,,,,,2016-2017,Enfants,,1 lots de cubes,12/08/2019,
ok,414,Jeu électronique Mickey,E,MAN,MAN,Usé,1,0,1,Disney,22,2,,,,,Don Interlude,05-01-2017,,,,,,,,,,,,,2016-2017,Enfants,,1 jeu,12/08/2019,
,415,Lot 2 tables rouges + 4 tabourets,S,ROL,ROL,Usé,2,0,1,Abstrait,30,2,,,,,,05-01-2017,,,,,,,,,,,,,2016-2017,Enfants,,"4 plateaux tabouret, 4plateaux tables; 8 grands pieds tables; 16 petits pieds tabouret",12/08/2019,
ok,416,"Billes (6Kg, 2 boites)",E,MOT,MOT,Bon,5,0,2,Abstrait,30,2,,,,,,18-01-2018,,,,,,,,,,,,,2017-2018,Enfants,,2 boites,12/08/2019,
ok,417,Disk Deluxe,E,MOT,MOT,Usé,6,20,2 - 4,Abstrait,30,2,,,,,,05-01-2017,,,,,,,,,,,,,2016-2017,Animations,,,,
ok,418,Imagine,R,EXP,EXP,Bon,12,30,3 - 8,Abstrait,19.9,1,,,,,,26-01-2018,,,,,,,,cockail games; monster game,,,,,2017-2018,Adultes,,60 cartes transparentes; 65 cartes énigme; 35 jetons (25*1pts; 10*3 pts); 1 régles,09/08/2019,
ok,419,Lettres de Whitechapel,R,ENQ,ENQ,Bon,14,90,2 - 6,Enquête,49.5,3,,,,,,26-01-2018,,,,,,,,EDGE,,,,,2017-2018,Adultes,3 marqueur indices,"regle, plateau, 5 fiches police; 4 letrre jack; 5 tuiles directeur; 5 jetons deplacement spéciale; 7 jetons patrouille; 8 jetons femmes; 1 jetons heure; 5 pions misérable; 5 pions policiers; 2 pions jack; 1 ecran, bloc de feuille, 3 marquers faux indices; 19 marqueurs indices ; 5 marqueur scene.",31/07/2019,
ok,420,Minuit Meurtre en Mer,R,ENQ,ENQ,Bon,12,60 - 90,2 - 6,Enquête,39,2,,,,,,26-01-2018,,,,,,,,Multiface éditions,,,,,2017-2018,Adultes,,1 plateau; 2 livrets enquetes; 18 cartes evenement ; 20 pions ; 1 palet dernier suspect ; 1 dés de 10; 1 bloc feuille; 6 jetons boués ; regles,31/07/2019,
ok,421,Agricola Terres d'élevage,R,REF,REF,Bon,13,30,2,Médiéval,15,1,,,,,,26-01-2018,,,,,,,,Funforge,,,,,2017-2018,Adultes,,"1 plateau de jeu; 2 plateau ferme, 4 agrandissement ferme; 4 tuiles stalle; 4 batiment spéciaux; 9 tuiles biens; 1 marqueur 1er joueur; 144 piéces bois; 1 bloc note; regles",09/08/2019,
a vendre,422,Let's catch the lion! (dobutsu shogi),R,REF,REF,Abimé,4,15,2,Nature,10,1,,,,,,26-01-2018,,,,,,,,gentosha-education,,,,http://www.pousseurdebois.fr/jeux-de-strategie/let-s-catch-the-lion-dobutsu-shogi-ou-shogi-animal/,2017-2018,Enfants,,1 plateau ; 8 piéces,01/08/2019,
ok,423,Witness,R,REF,REF,Bon,10,15,4,Enquête,30,2,,,,,,26-01-2018,,,,,,,,Ystari game,,,,,2017-2018,Adultes,,1 livret enquete ; 1 livret question ; 1 livret solutions ; 4 carnets perso ; 5 tuuile perso ; 5 socles; 2 tuiles chuchotement ; 1 bloc note ; regle,31/07/2019,
vendu,425,Hive Carbon,R,COM,COM,Bon,10,20,2,Nature,25,2,oui,,,,,26-01-2018,,,,,,,,Gen Four Two Games et Asmodee,,,,,2017-2018,Adultes,,26 pions,01/08/2019,
ok,426,Sherlock Holmes DC + La rançon du diable + La piste tordue + Cartlon House,R,ENQ,ENQ,Bon,12,60 - 120,1 - 8,Enquête,70,3,,,,,,26-01-2018,,,,,,,,Ystari game,,,,,2017-2018,Adultes,,10 livrets enquêtes; 10 journaux; 1 annuaire; 1 plan; 1 régle,09/08/2019,
ok,427,Western Town + extension Telegraph,R,REF,REF,Bon,14,45 - 90,2 - 4,Enquête,55,3,,,,,,26-01-2018,,,,,,,,"Stronghold Games, Pegasus Spiele, Eggertspiele et Gigamic",,http://jeuxstrategieter.free.fr/Western_town_complet.php,,,2017-2018,Adultes,,"106 cartes; 126 cubes; 4 plateau indiv; 2 tuiles campements indiens;68 tuiles bâtiments; 2 marqueurs marshall; 12 marqueurs R/V; 20 marqueurs quantité; 1 dé indien; 1 livret régle, 3 aides de jeu.",,
ok,428,Scotland Yard Junior,R,EQU,PAR,Bon,6,20,2 - 4,Enquête,19.9,1,,,,,,26-01-2018,,,,,,,,Ravensburgeur,,,,,2017-2018,Enfants,,1 plateau ; 4 pions ; 16 tickets ; 12 jetons succes ; 2 planches ; 2 visiere,31/07/2019,
ok,429,Les loups-garous de Thiercelieux,R,EQU,EXP,Bon,10,30,8 - 18,Enquête,8.5,1,,70 g,24,80*80,,26-01-2018,,,,,,,,Lui-même,,,,,2017-2018,Adultes,,"24 cartes : 4 loup garou , 1 voyante, 1 chasseur, 1 sorciére, 13 villageois, 1 voleur, 1 cupidon, 1 petite fille, 1 capitaine.    1 régle",02/08/2019,
ok,430,Perlin Pinpin,R,COM,COM,Bon,6,20,2 - 5,Fantasy,13.5,1,,,,,,26-01-2018,,,,,,,,Cockail games,,,,,2017-2018,Enfants,,79 cartes ; régles,31/07/2019,
ok,431,Qui l'a vu,R,ASS,ASS,Bon,6,30,2 - 4,Fantastique,39.95,2,,,,,,26-01-2018,,,,,,,,Graham Howells,,,,,2017-2018,Enfants,,1 plateau; 4 portes; 1 coffre; 4 pions; 1 fantôme; 1 chat; 9 jetons nourriture; 4 clé; 10 portraits de suspect; 1 dé ; 1 anneau; 1 coussin.,12/08/2019,
ok,432,Crokinole,R,ADR,ADR,Bon,8,15,2 - 4,Bois,67.5,3,,,,,,06-07-2017,,,,,,,,,,,,,2017-2018,Animations,,,,
ok,433,Kubb (Goki),R,ADR,ADR,Bon,8,30,2 - 8,Bois,37.5,2,,,,,,06-07-2017,,,,,,,,,,,,,2017-2018,Animations,,"1 sac, 1 regle, 10 cubes ; 1 cube roi ; 4 piquets; 6 lanceurs",12/08/2019,
ok,434,Labyrinthe Coopératif,R,COO,ADR,Bon,8,10,2 - 4,Bois,103.5,3,,,,,,06-07-2017,,,,,,,,,,,,,2017-2018,Animations,,1 plateau support ; 1 plateau labyrinthe; 2 billes ; piquet + ficelle.,12/08/2019,
ok,435,Accroche toi,R,ADR,ADR,Bon,8,5,2 - 4,Bois,43.9,3,,,,,,06-07-2017,,,,,,,,,,,,,2017-2018,Animations,,3 doublettes ; échelle en bois,12/08/2019,
ok,436,Pallina,R,ADR,ADR,Bon,4,10,2 - 4,Bois,35.9,2,,,,,,06-07-2017,,,,,,,,,,,,,2017-2018,Animations,1 boules,1 panier; 1 tapis; 20 baguettes; 16 boules,12/08/2019,
ok,437,Kapla (2000),S,COS,COS,Correct,4,20,2 - 6,Bois,400,3,,,,,,01-09-2016,,,,,,,,,,,,,2016-2017,Animations,,pas compté,12/08/2019,
ok,438,Passe trappe à 4,R,ADR,ADR,Bon,8,5,2 - 4,Bois,100,3,,,,,Construction Fred,05-05-2017,,,,,,,,,,,,,2016-2017,Animations,,"1 plateau , 12 palets",12/08/2019,
ok,439,Azul,R,COM,COM,Bon,8,30 - 60,2 - 4,Abstrait,35.9,2,,,,,,28-02-2018,,,,,,,,Plan B Games,,,,,2017-2018,Adultes,,1 regle;100 tuiles; 9 cercles;4 marqueurs; 1 marqueurs 1er joueurs; 1 sac,09/08/2019,
,440,Château aventure,R,EXP,EXP,Bon,10,30,2 - 10,Aventure,25,2,,,,,,28-02-2018,,,,,,,,Iello,,,,,2017-2018,Adultes,,1 livre;12 plans; 9 cartes animaux,09/08/2019,
,441,Booum!,R,COM,COM,Bon,7,30,2 - 4,Western,22.9,2,,,,,,28-02-2018,,,,,,,,Haba,,,,,2017-2018,Enfants,,1 mine (boite) ; 4 perso ; 4 dépots; 4 baton dinamite; 1 montre; 82 rochers; 32 pétites or licites; 35 pépites or illicites; 4 tuiles spéciales; 4 tuiles actions,09/08/2019,
,442,Abalone,R,REF,REF,Bon,7,15,2,Abstrait,29.99,2,,,,,Don Victor,28-02-2018,,,,,,,,Abalone éditions,,,,,2017-2018,Adultes,,14 billes blanche; 14 billes noires; 1 plateau; regles,09/08/2019,
,443,Blokus,R,REF,REF,Bon,5,30 - 60,2 - 4,Abstrait,33.99,2,,,,,Don Victor,28-02-2018,,,,,,,,Sekkoia,,,,,2017-2018,Adultes,,4 * 21 figure,01/08/2019,
,444,1001,R,PAR,PAR,Bon,8,40,2 - 8,1001 nuits,26.95,2,,,,,,28-02-2018,,,,,,,,Tiki éditions,,,,,2017-2018,Adultes,,36 gems; 24 jetons nuages ; 24 jetons gems ; 32 coeurs ; 1 sablier; 16 tuiles plateau RV; 2 jetons score; 1 miniature aladin ; 2 jetons tempête ; 32 cartes vote ; 4 cartes vizir; 16 cartes de vol ; 1 jetons sablier ; 1 jeton départ; 12 cartes recompense ; 4 morceaux de cadre; 1 plateau récompense; 1 régle.,30/07/2019,
,445,Magnétique & Découvertes,A,COS,COS,Bon,3,0,1,Abstrait,60,3,,,,,,28-02-2018,,,,,,,,,,,,,2017-2018,Enfants,,36 piéces,12/08/2019,
,446,Piratoons,R,COM,COM,Bon,8,30,2 - 4,Pirates,32,2,,,,,,28-02-2018,,,,,,,,Act in games,,,,,2017-2018,Adultes,,2 plateau R/V 48 tuiles équipements; 36 tuiles de 4 familles; 24 tuiles bateaux; 24 pions équipage; 40 jetons doublons; 32 jetons bombe; 1 sablier; 1 régles..,31/07/2019,
,447,Top That!,R,COM,COM,Bon,6,15,2 - 4,Magie,21.95,2,,,,,,28-02-2018,,,,,,,,Blue orange,,,,,2017-2018,Adultes,,1 regles; 55 cartes; 12 pieces; 4 jetons; 4 lapins,02/08/2019,
,448,Edenia,R,REF,REF,Bon,8,30,2 - 4,Science Fiction,29.9,2,,,,,,28-02-2018,,,,,,,,Blam,,,,,2017-2018,Adultes,1 sabotages en plus,4 bordure ext; 12 figurine; 23 tuiles; 62 jetons; 12 drapeaux; 1 dés,02/08/2019,
,449,Billard Japonais,R,ADR,ADR,Bon,8,5,2 - 4,Bois,94.5,3,,,,,Don Grande Récré,05-05-2017,,,,,,,,,,,,,2016-2017,Animations,6 boules,1 plateau; 10 boules.,12/08/2019,
,450,Dobble,R,ASS,ASS,Bon,6,10,2 - 8,Abstrait,14,1,,160,55,85,,23-04-2017,,Dobble,2009,Denis Blanchot,http://img2.trictrac.net/generate/default_100_100/1364147704.J4vzw.jpeg,Igor Polouchine,,Play factory,,,,,2017-2018,Enfants,,55 cartes; régles,31/07/2019,
,451,Imaginarium,R,EXP,EXP,Bon,14,90,2 - 5,Steampunk,44.9,3,,,,,,23-04-2017,,Dobble,2009,Denis Blanchot,http://img2.trictrac.net/generate/default_100_100/1364147704.J4vzw.jpeg,Igor Polouchine,,Bombyx,,,,,2017-2018,Adultes,,60 cubes et 4 pions bois; 40 cubes et 3 pions cuivres; 30 cubes et 3 pions cristal; 70 gemmes charboniums et 5 pions; 1 boite rangements; 5 paravents; 5 plateaux perso; 5 figurines; 65 PV; 30 jetons projets; 61 cartes machines; 13 cartes assistant; 14 tuiles projet,09/08/2019,
,452,Aventuriers du rail autour du monde (Les),R,PAR,PAR,Bon,10,100,2 - 5,Véhicules,62.9,3,,,,,,23-04-2017,,Dobble,2009,Denis Blanchot,http://img2.trictrac.net/generate/default_100_100/1364147704.J4vzw.jpeg,Igor Polouchine,,Days of wonders,,,,,2017-2018,Adultes,1 carte wagon,1 plateau R/V; 5 marqueurs; 140 cartes transport le monde; 140 cartes grands lacs; 2 régles;,06/08/2019,
,453,Villa Paletti,R,ADR,ADR,Bon,6,20,2 - 4,Antiquité,34,2,,,,,,23-04-2017,,Dobble,2009,Denis Blanchot,http://img2.trictrac.net/generate/default_100_100/1364147704.J4vzw.jpeg,Igor Polouchine,,Zoch,,,,,2017-2018,Animations,,1 base; 5 plateaux; 20 colonnes; 1 sceau; 1 crochet; 1 régles,02/08/2019,
,454,Qwirkle,R,COM,COM,Bon,6,30,2 - 4,Abstrait,32,2,,,,,,23-04-2017,,Dobble,2009,Denis Blanchot,http://img2.trictrac.net/generate/default_100_100/1364147704.J4vzw.jpeg,Igor Polouchine,,Iello,,,,,2017-2018,Adultes,,"108 tuiles , 1 sac",23/08/2019,
,455,Jamaica - The crew,R,PAR,PAR,Bon,8,30 - 60,2 - 6 ,Pirates,18,1,,,,,,23-04-2017,,Dobble,2009,Denis Blanchot,http://img2.trictrac.net/generate/default_100_100/1364147704.J4vzw.jpeg,Igor Polouchine,,Gameworks,,,,,2017-2018,Adultes,,20 perso; 12 trésors,09/08/2019,
,456,Chromino,R,ASS,ASS,Bon,6,30,2 - 8,Abstrait,23,2,,,,,,23-04-2017,,Dobble,2009,Denis Blanchot,http://img2.trictrac.net/generate/default_100_100/1364147704.J4vzw.jpeg,Igor Polouchine,,Asmodée,,,,,2017-2018,Adultes,,"1 règle, 1 sachet tissus, 80 chrominos",09/08/2019,
,457,Code Names duo,R,COO,EXP,Bon,12,15,2 - 8,Mots,17.9,1,,,240,,,23-04-2017,,Dobble,2009,Denis Blanchot,http://img2.trictrac.net/generate/default_100_100/1364147704.J4vzw.jpeg,Igor Polouchine,,Iello,,,,,2017-2018,Adultes,,15 tuiles identité; 1 jetons temps; 200 cartes; 100 cartes clé 1 tuile assasin 1 carnet mission 1 livret; 1 support,09/08/2019,
,458,Carcassonne - Auberges & cathédrales,R,COM,COM,Bon,8,45,2 - 6,Médiéval,13.5,1,,,,,,23-04-2017,,Dobble,2009,Denis Blanchot,http://img2.trictrac.net/generate/default_100_100/1364147704.J4vzw.jpeg,Igor Polouchine,,"Rio Grande Games, Hans im Glück et Schmidt",,,,,2017-2018,Adultes,,8 meeples; 1 abbé; 18 tuiles terrain;;6 grands meeple; 6 tuiles score 50/100,01/08/2019,
,459,Mikado Géant,R,ADR,ADR,Bon,5,15,2 - 4,Bois,20,2,,,,,,23-04-2017,,Dobble,2009,Denis Blanchot,http://img2.trictrac.net/generate/default_100_100/1364147704.J4vzw.jpeg,Igor Polouchine,,,,,,,2017-2018,Animations,,20 baguettes,12/08/2019,
,460,Minuscule,R,REF,REF,Bon,8,20,2 - 6,Animaux,14,1,,,,,,23-04-2017,,Dobble,2009,Denis Blanchot,http://img2.trictrac.net/generate/default_100_100/1364147704.J4vzw.jpeg,Igor Polouchine,,Bombyx et Moonster Games,,,,,2017-2018,Enfants,,"34 cartes déplacement, 7 cartes piste RV ; 14 cartes objectif ; 7 insectes et 8 socles. 3 pions fourmi",30/07/2019,
,461,Twin It !,R,ASS,ASS,Bon,6,30,2 - 6,Abstrait,13.5,1,,,,,,23-04-2017,,Dobble,2009,Denis Blanchot,http://img2.trictrac.net/generate/default_100_100/1364147704.J4vzw.jpeg,Igor Polouchine,,Cockail games,,,,,2017-2018,Adultes,,135 cartes ; 1 règle du jeu,26/08/2019,
,462,Billard finlandais,R,ADR,ADR,Bon,6,30,2 - 10,Bois,99.9,3,,,,,,23-04-2017,,Dobble,2009,Denis Blanchot,http://img2.trictrac.net/generate/default_100_100/1364147704.J4vzw.jpeg,Igor Polouchine,,,,,,,2017-2018,Animations,,1 plateau ; 12 quilles ; 1 palets; 1 lanceur,12/08/2019,
,463,Banana Kick,R,ADR,ADR,Bon,6,30,2 - 10,Abstrait,22.9,2,,,,,,28-02-2018,,Dobble,2009,Denis Blanchot,http://img2.trictrac.net/generate/default_100_100/1364147704.J4vzw.jpeg,Igor Polouchine,,Play factory,,,,,2017-2018,Animations,,1 banane ; 4 piquets,31/07/2019,
,464,6 qui prend,R,COM,COM,Bon,10,30,2 - 10,Abstrait,12.9,1,,256,104,57*88,,28-02-2018,,Dobble,2009,Denis Blanchot,http://img2.trictrac.net/generate/default_100_100/1364147704.J4vzw.jpeg,Igor Polouchine,,Amigo SPIEL + FREIZEIT GMBH et Gigamic,,,,,2017-2018,Adultes,,104 cartes ; 1 règle du jeu + extension,26/08/2019,
vendu,465,Dard dard,R,EXP,EXP,Bon,7,25,3 - 5,Animaux,10.9,1,oui,,,,,23-04-2018,,Dobble,2009,Denis Blanchot,http://img2.trictrac.net/generate/default_100_100/1364147704.J4vzw.jpeg,Igor Polouchine,,Gigamic,,,,,2017-2018,Adultes,,82 cartes ; regles,31/07/2019,
,466,Labyrinthe magique,R,ASS,ASS,Bon,4,30,2 - 4,Fantasy,34.9,2,,,,,,23-04-2018,,Dobble,2009,Denis Blanchot,http://img2.trictrac.net/generate/default_100_100/1364147704.J4vzw.jpeg,Igor Polouchine,,,,,,,2017-2018,Enfants,1 jetons symbôle,24 murs en bois 24 jetons symboles ; 1 sac de toile; 1 des ; 4 magiciens ; 4 billes métalliques; regle,30/07/2019,
,467,Gobbit,R,ADR,ADR,Bon,6,30,2 - 8,Animaux,11.9,1,,,,,,23-04-2018,,Dobble,2009,Denis Blanchot,http://img2.trictrac.net/generate/default_100_100/1364147704.J4vzw.jpeg,Igor Polouchine,,Old chap,,,,,2017-2018,Adultes,,,,
,468,Aventuriers du rail France (Les),R,PAR,PAR,Bon,8,60,2 - 5,Véhicules,35.9,2,,,,,,23-04-2018,,Dobble,2009,Denis Blanchot,http://img2.trictrac.net/generate/default_100_100/1364147704.J4vzw.jpeg,Igor Polouchine,,Days of wonders,,,,,2017-2018,Adultes,,,,
,469,Hand's Up,R,ADR,ADR,Bon,6,15,2 - 8,Abstrait,10.9,1,,,,,,23-04-2018,,Dobble,2009,Denis Blanchot,http://img2.trictrac.net/generate/default_100_100/1364147704.J4vzw.jpeg,Igor Polouchine,,Schmidt,,,,,2017-2018,Adultes,1 cartes,58 cartes; ,09/08/2019,
,470,Time Stories + scénrio asylum,R,ENQ,ENQ,Bon,12,150,2 - 4,Enquête,40.5,3,,,,,,23-04-2018,,Dobble,2009,Denis Blanchot,http://img2.trictrac.net/generate/default_100_100/1364147704.J4vzw.jpeg,Igor Polouchine,,Space cowboy,,,,,2017-2018,Adultes,"1 pion bagou et 1 pion force
 ","plateu de jeu, livret de règles, 8 pions agent, 1 marqueur de temps, 1 merquer de groupe, 1 dé time captain, 6 dés action, 7 boucliers temps, 40 boucliers normaux, 7 boucliers coeur, 7 boucliers speciaux, 140 jetons ressource, 30 points de vie, 24 jetons état ;125 cartes",09/08/2019,
,471,Time Stories - Santo Tomas de Aquino,R,ENQ,ENQ,Bon,12,60,2 - 4,Enquête,15,1,,,,,Don Sandrine,23-04-2018,,Dobble,2009,Denis Blanchot,http://img2.trictrac.net/generate/default_100_100/1364147704.J4vzw.jpeg,Igor Polouchine,,Space cowboy,,,,,2017-2018,Adultes,,56 cartes ,09/08/2019,
,472,Dominion : L'intrigue,R,REF,REF,Bon,8,60,2 - 4,Médiéval,40.5,3,,,,,,23-04-2018,,Dobble,2009,Denis Blanchot,http://img2.trictrac.net/generate/default_100_100/1364147704.J4vzw.jpeg,Igor Polouchine,,Hans im Glück,,,,,2017-2018,Adultes,,500 cartes,01/08/2019,
,473,Yogi,R,ADR,ADR,Bon,8,20,3 - 10,Abstrait,12.9,1,,,,,Don Gigamic,23-04-2018,,Dobble,2009,Denis Blanchot,http://img2.trictrac.net/generate/default_100_100/1364147704.J4vzw.jpeg,Igor Polouchine,,Gigamic,,,,,2017-2018,Adultes,,54 cartes tot terrain; 2 portes cartes; régle,01/08/2019,
,474,Chrono-mots,R,COM,COM,Bon,10,20,2 - 10,Mots,10.9,1,,240 gr,100,,Don Gigamic,23-04-2018,,Dobble,2009,Denis Blanchot,http://img2.trictrac.net/generate/default_100_100/1364147704.J4vzw.jpeg,Igor Polouchine,,Gigamic,,,,,2017-2018,Adultes,,"1 régle, 20 cartes lettres, 80 cartes mots, 1 sablier",01/08/2019,
,475,Jokes de papa,R,EXP,EXP,Bon,12,20,2 - 12,Mots,20,2,,,,,Don Gigamic,23-04-2018,,Dobble,2009,Denis Blanchot,http://img2.trictrac.net/generate/default_100_100/1364147704.J4vzw.jpeg,Igor Polouchine,,Gigamic,,,,,2017-2018,Adultes,,250 cartes jokes; 70 crates défis; 10 cartes vierge,02/08/2019,
,476,"Arty Toys - Pirates - Maxi lot figurines, bateau et île",S,MIS,MIS,Bon,4,0,1,Pirates,181.7,3,,,,,,23-04-2018,,Dobble,2009,Denis Blanchot,http://img2.trictrac.net/generate/default_100_100/1364147704.J4vzw.jpeg,Igor Polouchine,,,,,,,2017-2018,Enfants,1 bombe rouge,"1 bateau , 1 ile avec rocher, 1 canon (3 fléchettes, 1 pirate); 1 canot (2 trésors: 1 coffre, 1 pirate, 1 sabre, 1 perroquet);1 canon (5 boulets, 1 pirate); 1 trône (1 pirate, 1 épée, 1 hache, 1 bombe rouge); 5 pirates.",12/08/2019,
,477,Koobi - Passion 550 pièces,S,COS,COS,Bon,4,0,1,Bois,219,3,,,,,,23-04-2018,,Dobble,2009,Denis Blanchot,http://img2.trictrac.net/generate/default_100_100/1364147704.J4vzw.jpeg,Igor Polouchine,,,,,,,2017-2018,Animations,,pas compté,12/08/2019,
,478,Tapis de jeu - course,S,MIS,MIS,Bon,2,0,1,Véhicules,20,2,,,,,,23-04-2018,,Dobble,2009,Denis Blanchot,http://img2.trictrac.net/generate/default_100_100/1364147704.J4vzw.jpeg,Igor Polouchine,,,,,,,2017-2018,Enfants,,1 tapis,12/08/2019,
,479,Tapis de jeu - ferme,S,MIS,MIS,Bon,2,0,1,Animaux,20,2,,,,,,23-04-2018,,Dobble,2009,Denis Blanchot,http://img2.trictrac.net/generate/default_100_100/1364147704.J4vzw.jpeg,Igor Polouchine,,,,,,,2017-2018,Enfants,,1 tapis,12/08/2019,
,480,Tapis de jeu - ville,S,MIS,MIS,Bon,2,0,1,Véhicules,20,2,,,,,,23-04-2018,,Dobble,2009,Denis Blanchot,http://img2.trictrac.net/generate/default_100_100/1364147704.J4vzw.jpeg,Igor Polouchine,,,,,,,2017-2018,Enfants,,1 tapis,12/08/2019,
,481,Tapis de jeu - château,S,MIS,MIS,Bon,2,0,1,Médiéval,20,2,,,,,,23-04-2018,,Dobble,2009,Denis Blanchot,http://img2.trictrac.net/generate/default_100_100/1364147704.J4vzw.jpeg,Igor Polouchine,,,,,,,2017-2018,Enfants,,1 tapis,12/08/2019,
,482,Panier pique-nique métal,S,ROL,ROL,Bon,3,0,1,Nourriture,24.99,2,,,,,,31-05-2018,,,,,,,,,,,,,2017-2018,Enfants,1 nappe et 4 timbales,"1 panier osier, 4 assiettes métal, 4 timbales metal, 4 fouchettes plastique blanches et rouges, 4 cuiller plastique blanches et rouges, 1 nappe à damiers rouges + lots nourriture",12/08/2019,
,483,Poulet rôti en bois à découper,S,ROL,ROL,Bon,3,0,1,Nourriture,14.99,1,,,,,,31-05-2018,,,,,,,,,,,,,2017-2018,Enfants,1 plateau,"1 planche à découper, 1 couteau, 1 fourchette, 1 poulet en 6 morceaux",12/08/2019,
,484,2 sets poeles et aliments en plastique Oxybul,S,ROL,ROL,Bon,3,0,1,Nourriture,10.8,1,,,,,,31-05-2018,,,,,,,,,,,,,2017-2018,Enfants,"4 paire tomate en +, 1 steak en -","2 poelles en plastique, 2 spatules, 2 toats, 2 bananes, 1 croissant, 1 darne de poisson, 1 escalope, 1 tranche de gruyère, 1 tas de frites, 1 part de pizza, 3 oeufs au plat, 1 paire de tranches de tomate, 1 tas de dés de carottes, 1 lamelle bacon, 3 steacks, 1 paire rondelles cornichon, 4 saucisses, 1 jus de fruits, 1 moutarde.",12/08/2019,
,485,Batterie de cuisine en métal,S,ROL,ROL,Bon,3,0,1,Nourriture,20,2,,,,,,31-05-2018,,,,,,,,,,,,,2017-2018,Enfants,,"1 support metal, 1 spatule bois, 1 cuiller bois, 1 couvercle métal, 1 passoire metal, 1 faitout métal, 1 casserole metal, 1 poele métal",12/08/2019,
,486,Lot accessoires déguissement pirate,S,ROL,ROL,Bon,3,0,1,Nourriture,40.2,3,,,,,,31-05-2018,,,,,,,,,,,,,2017-2018,Enfants,"5 boucles; 3 sabre; 2 petits sabres, 1 pistolet; 3 bourses","12 boucles d'oreilles, 42 doublons, 5 grands sabres, 7 petits sabres, 5 crochets, 7 pistolets, 12 chache-oeil, 12 pendentifs, 7 bourses en tissus, 3 chapeaux pirate; 2 crâne.",12/08/2019,
,487,Farmini,R,COM,COM,Bon,5,15,1 - 4,Animaux,7.9,1,,,,,Don Iello,31-05-2018,,,,,,,,Loki,,,,,2017-2018,Enfants,,"54 Cartes, 15 Jetons, 1 Règle du jeu",,
,488,Troll & dragon,R,HAS,HAS,Bon,7,20,2 - 5,Fantasy,14.5,1,,,,,Don Iello,31-05-2018,,,,,,,,Loki,,,,,2017-2018,Enfants,,"60 Diamants, 50 Pépites d’Or, 5 Sacs Aventuriers, 1 Main du Troll, 8 Dés, 1 règle du jeu",,
,489,SOS Dino,R,HAS,HAS,Bon,7,30,1 - 4,Dinosaures,24.9,2,,,,,Don Iello,31-05-2018,,,,,,,,Loki,,,,,2017-2018,Enfants,,"4 Figurines de Dinosaures, 1 Plateau de jeu, 4 Volcans, 4 Montagnes, 9 Obstacles, 58 Tuiles Danger, 6 Jetons Oeufs de Dino, 1 Grand sac en tissu, 1 Règle du jeu",,
,490,Cubes type clipos (37),A,COS,COS,Bon,2,0,1,Abstrait,20,2,,,,,Don Arnaud,31-05-2018,,,,,,,,,,,,,2017-2018,Enfants,1 cubes,37 cubes,12/08/2019,
,491,Mini passe trappe,R,ADR,ADR,Bon,8,5,2,Bois,50,3,,,,,,31-01-2018,,,,,,,,,,,,,2017-2018,Animations,,,,
,492,Passe trappe 120cm,R,ADR,ADR,Bon,8,5,2,Bois,90,3,,,,,Fabrication Licorne,31-05-2018,,,,,,,,,,,,,2017-2018,Animations,,1 plateau; 10 palets,12/08/2019,
,493,Remonte-Balle orange,R,ADR,ADR,Abimé,6,10,2,Bois - hors inventaire,100,3,,,,,Fabrication Licorne,31-05-2018,,,,,,,,,,,,prevoir renforcement plateau,2017-2018,Animations,,1 plateau ; 2 balles,12/08/2019,
,494,Poc !,R,ADR,ADR,Bon,6,30,2 - 4,Abstrait,13.9,1,,,,,,,,,,,,,,,,,,,2018-2019,Adultes,,,,
,495,kingdom run,R,PAR,PAR,Bon,7,30,2 - 4,Abstrait,12.9,1,,,,,,,,,,,,,,Ankama,,,,,2018-2019,Adultes,,5 plateau; 16 pions perso; 12 jetons PV; 4 dés; 5 jetons score,01/08/2019,
,496,Peanut Club,R,EXP,EXP,Bon,8,30,3 - 6,Enchère,19.5,1,,,,,,,,,,,,,,Lumberjacks [Studio],,,,,2018-2019,Adultes,"2 cartes objets en plus
2 jetons pouvoirs en plus",1 livret de règle; 31 cartes objets; 6 cartes personnages; 3 cartes valeurs; 90 cartes monnaies; 30 jetons pouvoirs,09/08/2019,
,497,abyss - leviathan,R,REF,REF,Bon,10,30 - 60,2 - 5,Mer,19.9,1,,,,,,,,,,,,,,Bombyx,,,,,2018-2019,Adultes,,1 régle; 1 plateau frontiére; 20 cartes léviathan; 10 cartes seigneur; 21 cartes alliés; 3 cartes monstres; 26 pions blessure; 10 pions PV; 20 pions monstres ; 1 figurine fléau; 2 dés; 1 coupelle.,31/07/2019,
,498,Scythe,R,REF,REF,Bon,14,60 - 120,1 - 5,Guerre,72,3,,,,,,,,,,,,,,Matagot,,,,,2018-2019,Adultes,,"1 guide demarrage rapide; 5 plateaux joueur; 1 plateau; 80 pions ressources; 80 piéces;12 jetons multiplicateur; 12 jetons rencontre; 6 tuiles bonus; 42 cartes combats; 23 cartes objectifs; 28 cartes rencontre; 12 cartes usine;;2 roue de puissance; 5 cartes traversée, par factions * 5 : 1 plateau factions, 1 pions actions, 1 pions popularité, 1 pions puissance; 6 pions étoiles; 4 pions batiments;4 pions recru;4 figurines mecha; 1 perso; 8 ouvriers; 6 cubes techno extension : 19 cartes automates; 4 cartes étoiles; 8 cartes refence",09/08/2019,
,499,happy pigs ,R,REF,REF,Bon,10,30 - 60,2 - 6,Ferme,28.9,2,,,,,,,,,,,,,,IELLO et Swan Panasia Games,,,,,2018-2019,Adultes,,1 marché; 20 billets; 64 piéces; 24 cartes saison; 75 tuiles objets; 24 tuiles action ; 1 jetons 1 er joueur; 20 prés; 196 tuiles cochon,01/08/2019,
,500,Welcome,R,REF,REF,Bon,10,30,1 - 10+,Ville,19.5,1,,,,,,,,,,,,,,blue cocker,,,,,2018-2019,Adultes,,régle; carnet score; 81 cartes travaux; 29 cartes plans; 4 aides de jeu.,01/08/2019,
,501,Trouv'tout,R,ASS,ASS,Bon,4,15,2 - 5,Abstrait,15.9,1,,,60,,Partenariat Gigamic,,,,,,,,,Gigamic,,,,,2018-2019,Enfants,,"1 regle ,60 cartes recto-verso.",06/08/2019,
,502,Saboteur la grande aventure,R,EQU,PAR,Bon,10,60,3 - 9,Fantasy,24.9,2,,,,,Partenariat Gigamic,,,,,,,,,Gigamic,,,,,2018-2019,Adultes,,40 cartes chemin; 23 cartes actions; 2 cartes départ; 4 cartes mines; 12 cartes trésor; 10 cartes nains; 10 jetons nain; 10 marqueurs nain; 32 jetons PV; 14 jetons forêt; 1 jeton dragon; 1 plateau,02/08/2019,
,503,13 indices,R,ENQ,ENQ,Bon,8,45,2 - 6,Enquête,24.9,2,,,,,Partenariat Gigamic,,,,,,,,,Gigamic,,,,,2018-2019,Adultes,,30 cartes; 6 paravents; un carnet résolutions; 6 crayons; 8 tuiles loupes; 8 tuiles lettres; 6 tuiles top secret,09/08/2019,
,504,Aventuriers du rail new york,R,PAR,PAR,Bon,8,30,2 - 4,Véhicules,17.9,1,,,,,,,,,,,,,,Days of wonder,,,,,2018-2019,Adultes,,1 plateau; 60 taxis; 44 cartes transport. 7 taxi en plus,01/08/2019,
,505,Gold armada,R,HAS,HAS,Bon,7,45,2 - 5,Pirates,22.95,2,,,,,,,,,,,,,,Tactic,,,,,2018-2019,Adultes,,"1 regle, 1 plateau, 30 pions doublon (6 de 1, 9 de 2, 9 de 3, 4 de 4, 1 de 5, 1 de 6) 6 pions cranes, 5 dés.",06/08/2019,
,506,Santorini,R,REF,REF,Bon,8,30,2 - 4,Antiquité,26.9,2,,,,,,,,,,,,,,Spin Master,,,,,2018-2019,Adultes,,18 dômes; 22 etages niv 1; 18 etages niv 2; 14 etages niv 3; 1 falaise;1 ile; 30 cartes; 6 ouvriers,09/08/2019,
,507,Cottage garden,R,COM,COM,Bon,,,,Jardinage,29,2,,,,,,,,,,,,,,Edition Spielwiese,,,,,2018-2019,Adultes,1 tuiles chat,"2 tuiles ruche; 36 tuiles fleurs; 1 brouettes; 9 plateau parterre; 1 tuiles parasol; 1 dés; 30 jetons chats; 16 jetons pot de fleurs; 4 pistes score; 12 cubes oranges, 12 bleus",06/08/2019,
,508,7 wonders armada,R,REF,REF,Bon,10,45,3 - 7,Antiquité,26.9,2,,,,,,,,,,,,,,Superlude,,,,,2018-2019,Adultes,jetons conflit terrestre,8 plateaux chantier; 32 navire; 24 cartes armada; 27 cartes ile; 2 jetons débarquement; 6 piéces de 6 ; 4 aides de jeu; 1 carnet de score; livret; 48 jetons conflit; 17 jetons défaite; 6 jetons conflit terrestre; 3 jetons victoires; 3 jetons défaite,02/08/2019,
,509,Cap'taine carcasse,R,COM,COM,Bon,8,15,2 - 4,Mer,13.5,1,,,,,,,,,,,,,,Bombyx,,,,,2018-2019,Enfants,,60 cartes butin ; 17 cartes scaphandrier ; 6 cartes variante ; 4 aide de jeu ; 1 règle du jeu,26/08/2019,
,510,Apocalypse zoo,R,REF,REF,Bon,12,15,2 - 4,Zombies,11.5,1,,,,,,,,,,,,,,Opla,,,,,2018-2019,Adultes,,16 cartes perso; 50 cartes zoo,02/08/2019,
,511,Panic island,R,EXP,EXP,Bon,8,15,1 - 8,Aventure,13.9,1,,,,,,,,,,,,,,"OldChap Editions
",,,,,2018-2019,Adultes,,39 cartes 1 paquets de 12 cartes; 1 sablier; 1 régles,09/08/2019,
,512,The mind,R,COO,EXP,Bon,,,,Abstrait,9.95,1,,,,,,,,,,,,,,Oya,,,,,2018-2019,Adultes,,100 cartes ; 12 cartes niveau ; 5 cartes vies ; 3 cartes shuriken ; 1 règle du jeu,09/08/2019,
,513,Decrypto ,R,ENQ,ENQ,Bon,,,,Mots,17.9,1,,,,,,,,,,,,,,Scorpion Masqué,,,,,2018-2019,Adultes,,"2 écran, 4 supports carton; 110 cartes mots clefs; 48 cartes code; 8 jetons (2x4); 1 sablier, feuilles de notes, livret de règles",09/08/2019,
,514,Kingdomino giant version ,R,COM,COM,Bon,,,,Médiéval,52.5,3,,,,,,,,,,,,,,Blue orange,,,,,2018-2019,Adultes,,4 tuiles de dépard; 4 chateaux; 48 dominos; 8 rois,31/07/2019,
,515,La chasse aux monstres ,R,ASS,ASS,Bon,,,,Monstres,16,1,,,,,,,,,,,,,,Scorpion Masqué,,,,,2018-2019,Enfants,,"20 cartes monstre, 10 tuiles jouet, 2 tuiles experts, 3 tuiles progression, 1 boite placard et 1 livret de règles",09/08/2019,
,516,Trésor de glace,R,ADR,ADR,Bon,5,15,2 - 4,Fantastique,16.5,1,,,,,,,,,,,,,,Haba,,,,,2018-2019,Enfants,,régle; 4 jeunes dragons ; 4 parois séparatrices; 9 anneaux ; 90 pierres; 1 tuiles blocs de glaces; plateau de jeu; 5  tuiles pierre ; 1 papa dragon,30/07/2019,
,517,Unlock! Exotic adventures,R,ENQ,ENQ,Bon,10,60,1 - 6,Enquête,27,2,,,,,,,,,,,,,,Space Cowboys,,,escape,,2018-2019,Adultes,,1 régle; 10 cartes tuto; 180 cartes pour 3 aventure; 1 carnet; 1 feuillet,12/08/2019,
,518,My little Scythe,R,REF,REF,Bon,8,45,1 - 6,Fantastique,42.9,3,,,,,,,,,,,,,,Matagot,,,,,2018-2019,Enfants,,1 plateau; 24 pommes; 24 gemmes;12 jetons quêtes;7 paire de figurine; 2 roue de combat; 7 pions action; 7 jetons tarte; 1 tuile mise en place; 6 plateau joueur; 28 trophés; 7 tuiles camp de base; 16 tuiles améliorations; 8 cartes perso; 7 jetons amitiés; 5 dés recherche,01/08/2019,
,519,Go Go Gelato !,R,ADR,ADR,Bon,6,15,2 - 4,Nourriture,21.95,2,,,,,,,,,,,,,,Blue Orange,,,,,2018-2019,Enfants,,régle; 16 cônes; 12 boules; 54 cartes objectifs,30/07/2019,
,520,Strike,R,HAS,HAS,Bon,8,15,2 - 5,Abstrait,14.9,1,,,,,,,,,,,,,,Ravensburger,,,,,2018-2019,Enfants,,1 piste; 31 dés; 1 tapis,09/08/2019,
,521,Cacao,R,ASS,ASS,Bon,8,45,2 - 4,Nourriture,27,2,,,,,,,,,,,,,,,,,,,2018-2019,Adultes,,44 tuiles ouvriers; 4 porteur d'eau; 4 plateau village; 28 tuiles jungle; 20 feves cacao; 12 jetons soleil; 48 pieces d'or; 1 régle; 1 feuille recap tuile,09/08/2019,
,522,Concept Kids,R,COO,EXP,Bon,4,20,2 - 12,Animaux,22.5,2,,,,,,,,,,,,,,,,,,,2018-2019,Enfants,,1 plateau ; 110 cartes ; 16 bagues ; 1 porte carte ; 1 livret de règles ; 1 règle rapide,26/08/2019,
,524,Boite à manipuler nature,E,MAN,MAN,Bon,0,0,1,Nature,50,3,,,,,,,,,,,,,,,,,,,2018-2019,Enfants,1 figure,"1 boites, 5 figure , ",12/08/2019,
,525,Colt Express extension marshal & prisonniers,R,REF,REF,Bon,10,45,2 - 6,Western,17.9,1,,,,,,,,,,,,,,,,,,,2018-2019,Adultes,,1 wagon prisonnier; 2 fiches prisonnier; 1 pions marshall; 1 pions cheval; 2 sacs postaux; 1 bourse; 7 cartes prisonnier; 7 cartes idée; 7 cartes wanted; 18 cartes mei ; 23 cartes marshall;14 cartes objectif marshall; 13 cartes manches; 3 cartes as,31/07/2019,
,526,Petits oiseaux (les) premiers dominos,R,ASS,ASS,Bon,2,15,2 - 6,Animaux,18,1,,,,,,,,,,,,,,,,,,,2018-2019,Enfants,,28 domino R/V,12/08/2019,
,527,Gagne ta maman ! ,R,REF,REF,Bon,,,,Abstrait,34.9,2,,,,,,,,,,,,,,,,,,,2018-2019,Enfants,,18 piéces en bois; 1 plateau; 2 reglettes; 40 cartes; 1 livret,06/08/2019,
,528,Mad trip,R,PAR,PAR,Bon,,,,Aventure,19.9,1,,,,,,,,,,,,,,,,,,,2018-2019,Adultes,,1 plateau R/V; 56 cartes; 1 jetons strat; 1 sablier; 2 tuiles; 3 objets mousse; régle,06/08/2019,
,529,Great western trail ,R,PAR,PAR,Bon,,,,Western,35.9,2,,,,,,,,,,,,,,,,,,,2018-2019,Adultes,,1 plateau;54 tuiles ouvriers; 18 tuiles dangers; 22 tuiles tipi; 4 plateau indiv; 4 tuiles eleveur; 4 éleveurs; 4 loco; 56 disques; 4 marqueurs; 92 cartes bétail départ; 36 cartes bétail marché; 24 cartes objectif; 47 tuiles bâtiment; 40 tuiles bâtiment perso; 5 tuiles chefs de gare; 55 piéces; 1 marqueurs marché; 1 bloc de score,09/08/2019,
,530,Century - Merveilles Orientales,R,ASS,ASS,Bon,,,,Asie,31.5,2,,,,,,,,,,,,,,Plan B game,,,,,2018-2019,Adultes,,4 plateaux ; 4 bateaux; 24 tuiles marché; 4 tuiles mer; 4 tuiles port; 27 tuiles pv; 20 tuiles bonus ; 80 comptoirs; 4 bols; 105 cubes; 8 cubes et 12 comptoirs en reserves,09/08/2019,
,531,Histoires de peluches ,R,COO,EXP,Bon,,,,Science Fiction,60,3,,,,,,,,,,,,,,,,,,,2018-2019,Adultes,,1 livret; 1 livre histoire; 40 cartes découverte; 1 plateau annexe; 6 figurine peluche; 17 figurine monstre 35 dés; 1 bourse; 15 boutons 6 cartes peluche; 29 carte égarés; 10 cartes sommeil; 47 cartes objet; 12 cartes monstres; 7 cartes environnement; 34 cartes conditions; 4 cartes references; 32 pions rembourrage; 16 pions coeur; 4 pions objectifs; 4 pions egaré; 1 pions marques page; 1 pions chariot rouge; 1 pion train; 1 pion porte.,09/08/2019,
,532,Pillard de la mer du Nord ,R,REF,REF,Bon,,,,Vikings,38.9,2,,,,,,,,,,,,,,,,,,,2018-2019,Adultes,,"16 tuiles offrandes; 12 marqueurs;1 plateau; 18 walkyries; 18 or; 32 piéces argents, 1 sac; 18 fer; 26 bétail; 32 provisions ; 7 ouvriers noirs; 11 ouvriers gris; 12 ouvriers blancs; 2 dés; 71 cartes vikings; 4 plateaux joueurs",06/08/2019,
,533,Dice forge rébellion ,R,COM,COM,Bon,,,,Antiquité,25.9,2,,,,,,,,,,,,,,,,,,,2018-2019,Adultes,,1 régle; 32 face de dés; 1 plateau fôret; 1 étui + élastique; 4 réserve fragments; 4 jetons golem; 4 jetons allégeances; 120 cartes; 1 plateau evenements; 3 jetons trésor; 4 jeton sceptre; 4 jetons compagnons; 4 marqueurs; 1 dé celeste; 1 jetons joueur actif; 8 jetons mémoires,09/08/2019,
,534,King domino âge of giants ,R,COM,COM,Bon,,,,Médiéval,17.9,1,,,,,,,,,,,,,,,,,,,2018-2019,Adultes,,1 chateau 3D; 1 tour de disitributions;2 rois en bois; 1 tuile départ; 29 domino; 6 figurines géant; 1 carnet score,09/08/2019,
,535,Solenia,R,REF,REF,Bon,,,,Science Fiction,31.9,2,,,,,,,,,,,,,,,,,,,2018-2019,Adultes,,1 figurine aéronef; 5 bandelettes R/V; 48 tuiles livraisons; 4*15 ressource;    par joueurs : 16 cartes aéronef et 1 plateau individuel; 24 tuiles améliorations; 1 dés ; 68 étoiles,02/08/2019,
,536,Mr Wolf,R,REF,REF,Bon,,,,Animaux,19.9,1,,,,,,,,,,,,,,,,,,,2018-2019,Enfants,,1 plateau; 4 maison; 28 jetons animal; 14 tuiles animal; 1 pions en bois,02/08/2019,
,537,Détective ,R,ENQ,ENQ,Bon,,,,Enquête,40,3,,,,,,,,,,,,,,,,,,,2018-2019,Adultes,,1 plateau; 1 livret enquête; 1 base de donée; 5 tuile perso; 5 paquets affaire; 5 jetons spéciaux; 1 feuille intro; 1 regles; 3 marqueurs; 30 jetons enquêteur; 17 jetons compétences,09/08/2019,
,538,Squadro,R,PAR,PAR,Bon,,,,Abstrait,34.9,2,,,,,Partenariat Gigamic,,,,,,,,,,,,,,2018-2019,Adultes,,1 plateau; 10 piéces; 1 regle,09/08/2019,
ok,539,Roulapik,R,ADR,ADR,Bon,4+,20 min,1-4,Animaux,24.9,2,,,,,Partenariat Gigamic,,,,,,,,,,,,,,2018-2019,Enfants,6 jetons forêt,1 boule; 1 tête hérisson; 1 pion renard; 4 pions hérissons. 7 plateaux R/V; 18 jetons forêt,04/11/2025,https://www.youtube.com/watch?v=AFKej-Vsl2E
,540,Mission Calaveras,R,ENQ,ENQ,Bon,,,,Enquête,17.9,1,,,,,Partenariat Gigamic,,,,,,,,,,,,,,2018-2019,Adultes,,48 cartes; 6 cartes perso; 1 plateau: 24 jetons; 1 pions nicoles regles,09/08/2019,
,541,Catham City,R,REF,REF,Bon,,,,bandits,17.9,1,,,,,Partenariat Gigamic,,,,,,,,,Kosmos,,,,,2018-2019,Adultes,,120 cartes; 42 jetons; régle,09/08/2019,
,542,Détrak,R,COM,COM,Bon,,,,Abstrait,11.9,1,,,,,Partenariat Gigamic,,,,,,,,,,,,,,2018-2019,Adultes,,2 dés spéciaux; 6 crayons; bloc de score; régle,09/08/2019,
,543,Halli Galli,R,ASS,ASS,Bon,,,,Abstrait,19.9,1,,,,,Partenariat Gigamic,,,,,,,,,,,,,,2018-2019,Enfants,,"56 cartes, 1 sonette, 1 livret de règles",09/08/2019,
,544,cortex ,R,EXP,EXP,Bon,,,,mots,15,1,,,,,,,,,,,,,,,,,,,2018-2019,Adultes,1 carte,90 cartes; 6 cerveaux puzzle (24 piéces); ,09/08/2019,
,545,affinity ,R,EXP,EXP,Bon,,,,mots,20,2,,,,,,,,,,,,,,,,,,,2018-2019,Adultes,,"boite/plateau de jeu; 1 règle du jeu; plateau émotion, 1 jeton discorde, 1 jeton harmonie, 3 jetons joker, 3*60 cartes (début/milieu/fin); 32 cartes émotions",09/08/2019,
,546,ganymede ,R,REF,REF,Bon,,,,Science Fiction,26.9,2,,,,,,,,,,,,,,,,,,,2018-2019,Adultes,,30 tuiles colon; 90 cartes; 52 meeples; 4 plateaux indiv; 4 marrqueur réputation,09/08/2019,
,547,big Monster ,R,ASS,ASS,Bon,,,,Science Fiction,26.9,2,,,,,,,,,,,,,,,,,,,2018-2019,Adultes,6 tuiles monstre en +;,1 plateau; 126 tuiles monstres; 24 tuiles mutations; 17 tuiles explo; 39 médailles; 4 aide de jeu; bloc feuille,09/08/2019,
,548,magic maze kids,R,COO,PAR,Bon,,,,Labyrinthe,32.9,2,,,,,,,,,,,,,,,,,,,2018-2019,Enfants,,4 plateaux de jeu R/V 4 pions heros; 6 pions créatures; 4 tuiles action; 1 chaudron; 52 jetons ingrédients; 1 jetons temps; 26 cartes mission; 1 sablier; 1 carte roi; 1 carte rappel,02/08/2019,
,549,Shy monsters,R,REF,REF,Bon,10,,,Monstres,10.35,1,,,,,,,,,,,,,,,,,,,2018-2019,Adultes,,11 tuiles donjon; 1 pion héro; 2 tuiles compétence; 2 tuiles mémo,02/08/2019,
,550,Azul : les vitraux de Sintra,R,COM,COM,Bon,,,,Médiéval,32.31,2,,,,,,,,,,,,,,,,,,,2018-2019,Adultes,- 1 tuiles blanche,9 cercles; 4 plateau palais; 32 planche motifs;4 vitriers; 8 marqueurs ; 100 piéces vitrail; 1 piste score; 1 tuiles 1er joueur; 1 sac; 1 tours de rangement,09/08/2019,
,551,Cubirds,R,COM,COM,Bon,,,,Animaux,12.5,1,,,,,,,,,,,,,,,,,,,2018-2019,Adultes,,110 cartes,09/08/2019,
,552,Shadows : Amsterdam,R,REF,REF,Bon,,,,,20.25,2,,,,,,,,,,,,,,,,,,,2018-2019,Adultes,,1 livret; 7 quartions r/v ; 84 cartes indices; 1 tuiles départ; 3 tuiles obstacle; 2 paravent; 40 cartes plan r/v; 2 marqueurs; 2 figurines; 6 jetons preuves; 2 piste police; 5 jetons polices,01/08/2019,
,553,Kikafé,R,EXP,EXP,Bon,,,,,7.65,1,,,,,,,,,,,,,,,,,,,2018-2019,Enfants,,,02/08/2019,
,554,Paper Tales,R,REF,REF,Bon,,,,,24.21,2,,,,,,,,,,,,,,,,,,,2018-2019,Adultes,,1 piste de score; 1 pions temps; 30 jetons or; 30 jetons age; 5 aides de jeu;5 marqueurs de score; 25 cartes batiment;; 81 cartes unités,09/08/2019,
,555,Snow Time,R,REF,REF,Bon,,,,,20.25,2,,,,,,,,,,,,,,,,,,,2018-2019,Adultes,,1 plateau; 5 pions; 50 cartes; 15 pions fruits; 2 des,09/08/2019,
,556,Flamme Rouge,R,PAR,PAR,Bon,,,,,35.91,2,,,,,,,,,,,,,,,,,,,2018-2019,Adultes,,4 plteau indiv; 8 fig; 21 tuils pistes; 190 cartes; régles,09/08/2019,
,557,Sagrada,R,COM,COM,Bon,,,,,34.9,2,,,,,,,,,,,,,,,,,,,2018-2019,Adultes,,4 plateau vitrail; 12 cartes motifs; 90 dés; 1 piste manche/ points; 12 cartes outils; 1 sac; 10 cartes obj public; 5 cartes obj privé; 24 jetons faveur; 4 marqueurs score,09/08/2019,
,558,Kodama,R,COM,COM,Bon,,,,,17.1,1,,,,,,,,,,,,,,,,,,,2018-2019,Adultes,,65 cartes branches; 20 cartes kodoma; 15 cartes saisons; 6 cartes troncs; 1 plateau score; 7 pions; 1 pions 1er joueurs,01/08/2019,
,559,Bunny Kingdom in the Sky (ext.),R,REF,REF,Bon,,,,,24.21,2,,,,,,,,,,,,,,Iello,,,,,2018-2019,Adultes,,1 plateau; 86 figurine lapin; 7 figurine cité; 20 jetons construction; 30 pieces; 50 cartes,09/08/2019,
,560,Tokyo Highway,R,ADR,ADR,Bon,,,,,32.31,2,,,,,,,,,,,,,,,,,,,2018-2019,Adultes,1 pilliers gris en -,4*10 voitures; 36 routes; 80 pilliers gris; 8 pilliers jaune; 1 pinces; 4 batiments,09/08/2019,
,561,Greenville 1989,R,EXP,EXP,Bon,,,,Monstres,24.3,2,,,,,,,,,,,,,,,,,,,2018-2019,Adultes,,1 plateau; 84 cartes; 1 livret régle; 6 plateau personnage; 5 jetons objet; 12 jetons perso et 2 jetons ectoplasme; 1 jeton guide; 6 jetons vallidations personnage et 1 jeton ectolasme,09/08/2019,
,562,Qwinto,R,HAS,HAS,Bon,,,,,12.51,1,,,,,,,,,,,,,,,,,,,2018-2019,Adultes,,"3 dés (jaune, rouge, violet, 4 crayon, 1 bloc de score; 1 régle",01/09/2019,
,563,Kontour,R,EXP,EXP,Bon,,,,,12.51,1,,,,,,,,,,,,,,,,,,,2018-2019,Adultes,1 cartes 59,1 crayons; 1 blocs dessin; 72 cartes; 1 sablier; régle,09/08/2019,
,564,Slide Quest,R,ADR,ADR,Bon,,,,,20.25,2,,,,,,,,,,,,,,,,,,,2018-2019,Adultes,,1 plateau ; 4 levier: 20 cartes; 1 chevalier; 8 obstacles; 9 piéges; 1 compteur de vie; 1 coeur; 1 sauvegarde,09/08/2019,
,565,KornHole Enfants,R,ADR,ADR,,,,,bois,89.4,3,,,,,,,,,,,,,,,,,,,2018-2019,Animations,,,,
,566,Jeu de l'anneau et du crochet,R,ADR,ADR,,,,,Bois,95.00,3,,,,,,,,,,,,,,,,,,prévoir réparations pied,2018-2019,Animations,,1 pied; 1 potence marquer de point; 1 canne à anneau ,12/08/2019,
,567,Billard Hollandais,R,ADR,ADR,,,,,bois,68.00,3,,,,,,,,,,,,,,,,,,,2018-2019,Animations,4 palets,1 plateau; 30 palets,12/08/2019,
,568,Roll up géant,R,ADR,ADR,,,,,bois,121.00,3,,,,,,,,,,,,,,,,,,,2018-2019,Animations,1 balle,1 plateau ; 1 balle,12/08/2019,
,569,Billard à rebond,R,ADR,ADR,,,,,bois,108.00,3,,,,,,,,,,,,,,,,,,,2018-2019,Animations,,1 plateau ; 5 palets,12/08/2019,
,570,Palet pétanque,R,ADR,ADR,,,,,bois,140.00,3,,,,,,,,,,,,,,,,,,,2018-2019,Animations,1 regle,1 plateau; 3 * 4 palet de couleurs (rouges ; vert ; jaune ; blanc),12/08/2019,
,571,Jeu d'équilibre - jeu bomboléo,R,ADR,ADR,,,,,bois,150.00,3,,,,,,,,,,,,,,,,,,,2018-2019,Animations,,"1 plateau support; 1 potence; 1 plateau équilibre, 1 dés; 56 piéces ou 400 gr",12/08/2019,
,572,Tir sur cible à élastique 2 joueurs,R,ADR,ADR,,,,,bois,95.00,3,,,,,,,,,,,,,,,,,,,2018-2019,Animations,,1 plateau à élastique; 2 * 6 palets,12/08/2019,
,573,Puissance 4 géant plastique,R,COM,COM,,,,,/,129.00,3,,,,,,,,,,,,,,,,,,,2018-2019,Animations,,,,
,574,Coua2sous,R,REF,REF,neuf,6+,10 min,2-4,,15,1,,,,,,,,,,,,,,,,,,,2018-2019,Adultes,,9 cartes forêt; 12 cartes gland; 4 cartes coua2sous,06/08/2019,
vendu,575,kahuna,R,REF,REF,,,,,,20,2,oui,,,,,,,,,,,,,,,,,,2018-2019,Adultes,,1 plateau; 24 cartes ile; 20 pierre kahuna; 50 batonnets; 1 régles,06/08/2019,
,576,Lindisfarne,R,EXP,EXP,neuf,,,,,13.5,1,,,,,,,,,,,,,,,,,,,2018-2019,Adultes,,3 plateaux; 6 dés; 38 cartes destination; 20 cartes objectif; 24 jetons viking; 12 jetons rune; 1 pions 1er joueur; 2 régles,12/08/2019,
,577,Unlock secret adventure,R,ENQ,ENQ,neuf,,,,,27.95,2,,,,,,,,,,,,,,,,,escape,,2018-2019,Adultes,,10 cartes tuto; 186 cartes pour 3 aventures; 6 jetons balle + support;  1 cartes.,12/08/2019,
,578,chevalier de la table ronde (les),R,REF,REF,neuf,,,,,38,2,,,,,,,,,,,,,,,,,,erreur de rangement. jeu appartenant à sandrine,2018-2019,Adultes,2 plateaux de 10 perso (en peinture),1 plateau ; 3 plateaux de quête R/V; 16 épées; 108 cartes perso; 7 blasons; 7 dés; 1 dé de 8; 1 livret régle; 1 grand livre de quête; 30 figurines,12/08/2019,
ok,579,Initiation aux Echecs,R,REF,REF,Abimé,8,60,2,Abstrait,15,1,,,,,Don Sylvie,11-06-2016,,,,,,,,,,,,,2015-2016,Adultes,,"1 plateau, 42 fiches inititations, 16 pions noirs, 16 pions blancs",12/08/2019,
,581,puzzle winnie mousse,A,AGE,AGE,,,,,,5,1,,,,,,,,,,,,,,,,,,,2018-2019,Enfants,,24 piéces,12/08/2019,
,582,puzzle disney mousse,A,AGE,AGE,,,,,,5,1,,,,,,,,,,,,,,,,,,,2018-2019,Enfants,,25 piéces,12/08/2019,
,583,lots nourriture dinettes,A,ROL,ROL,,,,,,5,1,,,,,,,,,,,,,,,,,,,2018-2019,Enfants,,lots nourritures,12/08/2019,
,584,super simon,A,ADR,ADR,,,,,,5,1,,,,,,,,,,,,,,,,,,,2018-2019,Enfants,,1 jeu,12/08/2019,
,585,Simon's air,A,ADR,ADR,,,,,,20,2,,,,,,,,,,,,,,,,,,,2018-2019,Enfants,,1 jeu,12/08/2019,
,586,pistolet (type nerf),A,ROL,ROL,,,,,,20,2,,,,,,,,,,,,,,,,,,,2018-2019,Enfants,fléchette en mousse,2 pistolet; 6 demi cible; 2 masque protection.,12/08/2019,
ok,587,Mölkki ,R,ADR,ADR,Abimé,8,30,2 - 6,Bois,20,2,,,,,Don Victor et Sandrine,01-08-2015,,,,,,,,,,,,,2018-2019,Animations,,"12 quilles, 1 baton , 1 caisse de transport",12/08/2019,
,588,Bag board,R,ADR,ADR,,,,,,70,3,,,,,,,,,,,,,,,,,,,2018-2019,Enfants,1 sac bleu,"1 planche percé, 1 support, 4 sac bleu; 4 sac orange, 1 sac de transport; régle",12/08/2019,
,589,lots de 3 doudous,A,ROL,ROL,,,,,,20,2,,,,,,,,,,,,,,,,,,,2018-2019,Enfants,,2 peluche et 1 livre,12/08/2019,
,590,lots 2 dragon,A,ROL,ROL,,,,,,5,1,,,,,,,,,,,,,,,,,,,2018-2019,Enfants,,2 dragons,12/08/2019,
,591,1 cuisine plastique,A,ROL,ROL,,,,,,5,1,,,,,,,,,,,,,,,,,,,2018-2019,Enfants,,1 cuisine,12/08/2019,
,592,charlatan de belcastel,R,REF,REF,neuf,10 +,,1-4,Médiéval,35,2,,,24,,,25/11/2019,,,,,,Wolfgang Warsch,,Schmidt,,,,,2019-2020,Adultes,,4 chaudrons ; 1 plateau; 216 jetons +3 réserve; 12 livrets; 4 bouteilles; 4 tuiles sceau; 24 cartes divinatoires; 4 sacs; 20 rubis; 1 almanach.,25/11/2019,
,593,clank!,R,PAR,PAR,neuf,,,,Médiéval,40,3,,,180,,,25/11/2019,,,,,,,,,,,,,2019-2020,Adultes,,1 plateau R/V; + 180 cartes; + 80 jetons; 30 cubes; 4 pions joueurs; 24 cubes dragon; 1 sac dragon; 1 pions dragons; 1 livret régle.,25/11/2019,
ok,594,Wopono,R,EXP,EXP,neuf,,,,,20,2,,,,,,,,,,,,,,,,,,,2019-2020,Adultes,,,,
ok,595,Chop chop,R,PAR,PAR,neuf,6+,15 min,2-5,animaux,29,2,,,,,,1/10/2020,,,,,,,,Djeco,,,,,2019-2020,Adultes,,1 table; 4 souries; 1 chat; 38 jetons fromage; 4 tuiles entrée; 1 dés faces bleue; 1 dés faces grise. 1 plateau; 1 régles.,10/01/2020,
ok,596,Fertility,R,REF,REF,neuf,10 +,45 min,2-4,egypte,32.5,2,,,,,,1/10/2020,,,,Jérémie Fleury,,Cyrille Leroy,,Catch up games,,,,,2019-2020,Adultes,,4 plateaux vallée; 4 plateaux métropole; 1 tuile départ; 50 tuiles vallée; 80 bois; 4 marqueurs blé; 16 pions monument; 1 bloc score; 1 régles; 6 raccords de plateau,10/01/2020,
ok,597,Speed mandala,R,ASS,ASS,neuf,6+,15 min,1-4,dessin,10.95,1,,,,,,1/10/2020,,,,Freepik,,Manu Palau,,Life style,,,,,2019-2020,Adultes,,27 cartes défi; 4 sets de 3 disque,10/01/2020,
ok,598,Push em up,R,REF,REF,neuf,8+,15-20 min,2-4,Super-héros,13.5,1,,,108,88*58,,1/10/2020,,,,Stéphane Escapa,,Alexandre Droit,,Banana style,,,,,2019-2020,Adultes,,1 régle; 108 cartes (par équipe : 20 cartes héros; 4 push; 1 super push; 1 totem; 1 aide); 1 bloc score.,10/01/2020,
ok,599,Jungle speed kids,R,ASS,ASS,neuf,4+,15 min,2-6,animaux,19.95,1,,,,,,1/10/2020,,,,Vainui de Castelbajac,,"Tom, yako, marie et will",,Zygomatic,,,,,2019-2020,Adultes,,4 tuiles lion; 6 tuiles perso; 1 totem; 1 sac; 1 régle; 32 tuiles animaux,10/01/2020,
ok,600,Bataille pour rokugan,R,REF,REF,neuf,14+,90 min,2-5,japon,35.9,2,,,60,88*56,,1/10/2020,,,,,,,,Fantasy Flight Game,,,,,2019-2020,Adultes,,1 plateau; 22 cartes territoire; 10 cartes initiative; 7 écrans; 12 cartes objectifs; 1 crate 1er joueur; 189 pions combats; 5 cartes shugenja; 10 cartes éclaireur; 210 pions contrôle; 1 pions sanctuaire; 1 pions port; 1 pions champ bataille; 4 pions honneur; 4 pions bonus; 15 pions paix; 15 pions terre; 1 marqueur.,10/01/2020,
ok,601,Av du rail mon 1er voyage,R,PAR,PAR,neuf,6+,15-30 min,2-4,Véhicules,27,2,,,108,87*56,,1/10/2020,,,,,,Alan R.Moon,,Days of wonder,,,,,2019-2020,Adultes,,1 plateau; 80 wagons; 72 cartes train; 32 tickets; 4 cartes bonus; 1 régles,10/01/2020,
ok,602,le roi sommeil,R,REF,REF,bon,4+,15 min,2-5,Médiéval,19.95,1,,,50,92*59,,1/10/2020,,,,Gediminas Akelaitis,,Dirk Andreas Taube,,Gigamic,,,,,2019-2020,Adultes,,5 lits; 1 couverture; 50 cartes; 36 pieces; 6 jokers; 1 régle,06/11/2025,https://www.youtube.com/watch?v=ZePupMDMOsQ
ok,603,Yum yum island,R,PAR,PAR,neuf,6+,20 min,2-5,animaux,22.5,2,,,,,,1/10/2020,,,,,,Laurent Escoffier,,Space cow,,,,,2019-2020,Adultes,,1 régles; 12 animaux; 5 paires de lunettes; 1 dés; 70 jetons; 1 sac en tissus,10/01/2020,
ok,604,Gizmos,R,REF,REF,neuf,14+,40-50 min,2-4,science,35,2,,,112,95*95,,1/10/2020,,,,,,Phil Walker-Harding,,Edge,,,,,2019-2020,Adultes,,112 cartes; 52 billes; 1 distributeur; 1 régle; 1 liste effets; 4 anneaux stockage; 20 pions PV; 4 tableaux de bord,10/01/2020,
ok,605,Planet,R,REF,REF,neuf,8+,30 min,2-4,Science Fiction,31.5,2,,,50,63*88,,1/10/2020,,,,Sabrina Miramon,,Urtis Sulinska,,Blue orange,,,,,2019-2020,Adultes,,4 coeurs de planéte; 50 tuiles continent; 48 cartes animal; 5 cartes objectifs; 1 jeton 1er joueur.,10/01/2020,
ok,606,Entre les lignes,R,EXP,EXP,neuf,10+,20-40 min,4-8,Mots,22.5,2,,,120,59*92,,7/8/2020,,,,Studio Muti,,Wolfgang Warsch,,Act in games,,,,,2019-2020,Adultes,,"1 régle, 1 plateau, 56 jetons vote, 8 jetons points, 8 crayons, 115 cartes mots, 5 cartes chiffres, 8 supports, 8 pions, 1 blocs de feuilles.",07/08/2020,
ok,607,Galapa go,R,REF,REF,neuf,6+,20 min,2-6,animaux,18.9,1,,,55,59*88,,7/8/2020,,,,Tomek Larek,,Valéry Fourcade,,Mj games,,,,,2019-2020,Adultes,,"30 tuiles, 55 cartes, 6 jetons, 1 regle",07/08/2020,
ok,608,Pirates under fire,R,COM,COM,neuf,10 +,30 min,2,Pirates,22.5,2,,,,,,7/8/2020,,,,Ivan Nikulin,,Stefania Niccolini; Marco Canetta,,Explor8,,,,,2019-2020,Adultes,,"1 régle, 54 tuiles bateaux, 12 tuiles bateaux mercenaires, 6 plateaux, 60 jetons, 2 aides de jeu",07/08/2020,
ok,609,Chawaï,R,REF,REF,neuf,9+,20 min,3-6,animaux,16,1,,,108,88*63 (72)    60*60 (36),,8/8/2020,,,,Paul Mafayon,,Bruno Faidutti,,Superlude,,,,,2019-2020,Adultes,,"1 régle, 72 cartes plongeur, 36 cartes poisson, 1 plateau, 1 silhouette, 1 socle.",08/08/2020,
ok,609,Just One,R,ENQ,ENQ,neuf,8+,20 min,3-7,Mots,17.9,1,,,110,63*88,,8/8/2020,,,,,,Ludovic Roudy; Bruno Sautter,,Sombreros production,,,,,2019-2020,Adultes,,"1 régle, 110 cartes, 7 chevalets, 7 feutres.",08/08/2020,
ok,610,Ceylan,R,REF,REF,neuf,10+,45 min,2-4,Orient,39.9,2,,,46,62*88,,9/8/2020,,,,Laura Bevon,,Suzanne Zinsli; Chris Zinsli,,Funnyfox,,,,,2019-2020,Adultes,,1 régle; 4 plateaux indiv; 1 plateau jeu; 32 jetons plantations; 46 cartes action; 9 tuiles relief; 1 cartes répartitions contrats; 8 tuiles conseiller; 7 tuiles dépard; 20 contrats; 17 jetons techno; 4 jetons bonus; 1 théiére; 4 pions; 24 disques; 32 feuilles de thé; 40 caisse de thé; 82 piéces.,09/08/2020,
ok,611,Kingdomino duel,R,COM,COM,neuf,8+,20 min,2,Médiéval,11.9,1,,,,,,8/8/2020,,,,Cyril Bouquet,,Ludovic Maublanc; Bruno Cathala,,Blue orange,,,,,2019-2020,Adultes,,1 régle; 4 dés; 1 carnet 10 feuilles; 2 crayons,08/08/2020,
ok,612,Fou fou fou,R,EXP,EXP,neuf,8+,15 min,3-8,Abstrait,10.9,1,,,54,64*88,,9/8/2020,,,,Pierô,,Corentin Lebrat; Théo Riviére,,KYF,,,,,2019-2020,Adultes,,1 régle; 54 cartes; 24 jetons,09/08/2020,
ok,613,Obscurio,R,ENQ,ENQ,neuf,10+,60 min,2-8,enquête,40.5,3,,,98,84 rondes; 63*88 (14),,9/8/2020,,,,Xavier Collette; Studio M81,,L'atelier,,Libellud,,,,,2019-2020,Adultes,,1 régle; 2 jetons papillon; 84 cartes illusion; 1 pupitre; 1 porte-cartes; 1 plateau; 7 cartes allégeance;7 cartes perso; 7 pions perso; 2 feuilles rouges; 2 feuiles transparentes; 1 pion progression; 1 sablier; 1 sac; 14 jetons piége; 30 jetons cohésion; 1 tuile salle,09/08/2020,
ok,614,century - nouveau monde,R,COM,COM,neuf,8+,45 min,2-4,,31.5,2,,,56,69*120,,9/8/2020,,,,Chris Quilliams; Atha Kanaani,,Emerson Matsuuchi,,Plan B games,,,,,2019-2020,Adultes,,5 régle; 6 panneaux; 4 plateaux joueur; 48 colons; 56 cartes; 10 tuiles explo; 25 tuiles bonus; 4 bols; 105 cubes en bois,09/08/2020,
ok,615,Pappy winchester,R,REF,REF,neuf,8+,40 min,3-6,Western,24.9,2,,,30,84*100,,11/8/2020,,,,Sylvain Aublin,,Jérémy Pinget,,Blue orange,,,,,2019-2020,Adultes,,1 Régle; 110 billets de 1 000S; 50 jetons chapeaux; 5 jetons duel; 19 jetons parcelle; 19 jetons bonus; 30 cartes; 1 jeton 1er joueur; 1 loco; 1 bateau; 1 pion enchére,11/08/2020,
ok,616,6 qui surprend,R,COM,COM,neuf,10+,45 min,2-10,Abstrait,15.95,1,,,132,87*56,,11/8/2020,,,,Franz Vohwinkel,,Wolfgang Kramer,,Gigamic,,,,,2019-2020,Adultes,,1 régle; 104 cartes numéro; 28 cartes spéciales; 1 bloc score,11/08/2020,
ok,617,Photosynthésis,R,REF,REF,neuf,8+,60 min,2-4,nature,35.9,2,,,,,,11/8/2020,,,,Sabrina Miramon,,Hjalmar Hach,,Blue orange,,,,,2019-2020,Adultes,,1 régle; 1 plateau de jeu; 1 plateau soleil; 4 jetons compte tour; 4 plateaux individuels; 1 jeton 1er joueur; 24 jetons score; 4 jetons soleil; 24 jetons graines; 32 petit arbres; 16 arbres moyens; 8 grands arbres.,11/08/2020,
ok,618,Celestia: EXT coup de pouce,R,PAR,PAR,neuf,8+,30 min,2-6,Science Fiction,8,1,,,33,58*88,,11/8/2020,,,,,,,,Blam,,,,Extension 1,2019-2020,Adultes,,1 régle; 33 cartes,11/08/2020,
ok,619,Celestia: EXT coup de theatre,R,PAR,PAR,neuf,8+,30 min,2-6,Science Fiction,8,1,,,33,58*88,,11/8/2020,,,,,,,,Blam,,,,Extension 2,2019-2020,Adultes,,1 régle ; 1 chaloupe; 10 cartes,11/08/2020,
ok,620,Obscurio,R,Exp,Exp,neuf,10+,,3-12,Aventure,10,1,,,70,57*87 (20); 80*120 (50),,11/8/2020,,,,Jonathan Aucomte,,Laurence et Phillippe Gamelin,,Gigamic,,,,Extentsion,2019-2020,Adultes,,1 régle; 30 cartes événements; 20 cartes objet; 20 cartes perso.,11/08/2020,
,620,mystery house,R,ENQ,ENQ,,,,,enquête,32,2,,,,,,11/8/2020,,,,,,,,,,,,neccesite application,2020-2021,Adultes,,"1 régle, 1 structure, 1 tutoriel (4 cartes objet, 8 cartes lieu), 2 boites aventure: boites seigneur du labyrinthe 42 tuiles lieu,26 cartes objet .boite retour à tombstone 36 tuiles lieu, 28 cartes objet..",08/04/2021,https://www.youtube.com/watch?v=J6Hj1Ztt1M4&t=27s
ok,621,Fiesta,R,EXP,EXP,neuf,12+,15 min,4-8,Mots,22.5,2,,,150,63*44,,31 10 2021,,,,"Margo Renard, Michel Verdu",,Antonin Boccara,,OldChap Editions,,,,,2020-2021,Adultes,,"150 cartes (12 cartes contraintes 8 cartes numéro et 130 cartes personnages)8 ardoises,16 os, 8 feutres, 8 cartes crâne, 1 regles",08/04/2021,https://www.youtube.com/watch?v=nvErKyw5grA
ok,623,Unlock heroic adventure,R,ENQ,ENQ,neuf,10+,60 min,1-6,enquête,31.5,2,,,190,112*61,,31 10 2021,,,,"Arnaud Demaegd, Laurent Bazart, Mahulda Jelly",,"Vincent Goyat, Dave Neale, Thomaes Cauet, Cyril Demaegd, Mathieu Casnin",,Space Cowboys,,,escape,https://play.google.com/store/apps/details?id=com.spacecowboys.unlocks01&hl=fr&gl=US,2020-2021,Adultes,,"10 cartes tutoriel, 180 cartes aventure, un feuillet, un carnet, 1 regle",08/04/2021,https://www.youtube.com/watch?v=HArRsBSnfCI
ok,624,Unlock Epic adventure,R,ENQ,ENQ,neuf,10+,60 min,1-6,enquête,31.5,2,,,190,112*61,,31 10 2021,,,,"Neriac, Mahulda Jelly, Cyrille Bertin",,"Luna Marie, Cyril Demaegd, Guilaine Didier, Mathieu Casnin, Théo Riviere, Gabriel Durnerin",,Space Cowboys,,,escape,https://play.google.com/store/apps/details?id=com.spacecowboys.unlocks01&hl=fr&gl=US,2020-2021,Adultes,,"10 cartes tutoriel, 180 cartes aventure, 2 feuillet, 1 regle",08/04/2021,https://www.youtube.com/watch?v=HArRsBSnfCI
ok,625,Unlock Mystery adventure,R,ENQ,ENQ,neuf,10+,60 min,1-6,enquête,31.5,2,,,196,112*61,,31 10 2021,,,,"Arnaud Demaegd, Florian de Gesincourt, Pierre Santamaria, Sergo",,"Fabrice Mazza, Arnaud Ladagnous, Sébastien Pauchon, Billy Stevenson, Cyril Demaegd",,Space Cowboys,,,escape,https://play.google.com/store/apps/details?id=com.spacecowboys.unlocks01&hl=fr&gl=US,2020-2021,Adultes,,"10 cartes tutoriel, 196 cartes aventure 1 regle",08/04/2021,https://www.youtube.com/watch?v=HArRsBSnfCI
ok,626,Unlock Mythic adventure,R,ENQ,ENQ,neuf,10+,60 min,1-6,enquête,31.5,2,,,190,112*61,,31 10 2021,,,,"Legruth, Cyrille Bertin, Pierre Santamaria",,"Yohan Servais, Cyril Demaegd, Vincent Goyat, Jérémy Fraile",,Space Cowboys,,,escape,https://play.google.com/store/apps/details?id=com.spacecowboys.unlocks01&hl=fr&gl=US,2020-2021,Adultes,,"10 cartes tutoriel, 180 cartes aventure, 1 carte spéciale, 1 plan, 1 livret de solutions, 1 regle",08/04/2021,https://www.youtube.com/watch?v=HArRsBSnfCI
ok,627,Unlock Timeless adventure,R,ENQ,ENQ,neuf,10+,60 min,1-6,enquête,31.5,2,,,190,112*61,,31 10 2021,,,,"Legruth, Cyrille Bertin., Pierre Santamaria",,"Yohan Servais, Guillaume Montiage, Aristide Bruyant",,Space Cowboys,,,escape,https://play.google.com/store/apps/details?id=com.spacecowboys.unlocks01&hl=fr&gl=US,2020-2021,Adultes,,"10 cartes tutoriel, 180 cartes aventure, 3 feuillet, 1 regle",08/04/2021,https://www.youtube.com/watch?v=HArRsBSnfCI
ok,628,Unlock Star wars,R,ENQ,ENQ,neuf,10+,60 min,1-6,enquête,31.5,2,,,190,112*61,,31 10 2021,,,,"Zoê Robinson, ",,,,Space Cowboys,,,escape,https://play.google.com/store/apps/details?id=com.spacecowboys.unlocks01&hl=fr&gl=US,2020-2021,Adultes,,"10 cartes tutoriel, 180 cartes aventure, 1 plan 1 livret solutions1 regle",08/04/2021,https://www.youtube.com/watch?v=HArRsBSnfCI
ok,629,The loop,R,COO,PAR,neuf,12+,60 min,1-4,Science Fiction,37.9,2,,,100,87*63,,31 10 2021,,,,Simon Caruso,,"Maxime Rambourg, Théo Riviere",,Catch up games,,,,,2020-2021,Adultes,,"1 plateau espace temps, 1 plateau QG, 1 machine 3D, 5 pions, 100 cartes (79 artefac,7 foo, 14 ultramachine), 65 cubes (30 rouge,30 vert, 5 bleu), 10 tuiles sabotages, 3 tuiles vortex, 8 grandes tuiles (5 agents, 1 aide, 2 mode de jeu), 38 jetons (28 clones, 7 supa clone, 3 centrifugeuses), 1 sac, 1 livret operationnel, 1 feuillet solo, 1 régle",08/04/2021,https://www.youtube.com/embed/udeZOMbQ1nM
ok,630,seasons enchanted kingdom,R,REF,REF,neuf,14+,60 min,2-4,fantastique,19.9,1,,,50,87*63,,31 10 2021,,,,"Vincent Joubert, Xavier Collette, Xavier Gueniffey Durin",,Régis Bonnessée,,libellud,,,"Draft, Cartes, Dés, Combinaison",Extension,2020-2021,Adultes,,"40 cartes pouvoir, 10 cartes enchantement, 12 jetons capa spé,16 jetons energie, 2 jetons raven, 1 jetons 1er joueur, 7 jetons dimunution, 2 extensions reserve",08/04/2021,https://www.youtube.com/watch?v=uTp6VqCfNpI
ok,631,seasons path of destiny,R,REF,REF,neuf,14+,60 min,2-4,fantastique,19.9,1,,,62,87*63,,31 10 2021,,,,"Xavier Gueniffey Durin, Joris Riviére, Paul Mafayon, Paul Drouin, Mathieu Leyssenne",,Régis Bonnessée,,libellud,,,"Draft, Cartes, Dés, Combinaison",Extension,2020-2021,Adultes,,"42 cartes pouvoir, 1 dé, 6 jetons capacité spéciale,20 jetons point, 10 cartes pouvoir réplique, 10 cartes enchantement, 2 jetons piége, 2 jetons verrou.",08/04/2021,https://www.youtube.com/watch?v=uTp6VqCfNpI
ok,632,mariposa,R,PAR,PAR,neuf,14+,60 min,2-5,nature,39.9,2,,,131,70*120 (20) 67*44 (111),,04 11 2021,,,,"Matt Paquette, Indi Maverick",,elizabeth Hargrave,,gigamic,,,,,2021-2022,Adultes,,"50 papillons en bois (10 de chaques couleurs), 20 cartes objectifs saison ( 5 printemps, 10 été, 5 automne, 1 dé fleur, 120 jetons fleur, 5 marqueurs de score, 16 jetons relais, 1 plateau, 6 tuiles capacité, 36 cartes action, 1 plateau relais, 60 cartes relais  cycle de vie, 15 cartes relais mouvement.",04/11/2021,https://www.youtube.com/watch?v=tcmVgzZygug
ok,633,New frontiers : race for galaxy,R,COM,COM,neuf,14+,60 min,2-5,Science Fiction,79.8,3,,,0,,,04 11 2021,,,,"Martin Hoffmann, Claus Stephan",,Thomas Lehmann,,gigamic,,,,,2021-2022,Adultes,,"8 plateau empire, 60 cubes ressource (19 bleu, 17 marron, 13 verts, 11 jaunes), 2 plateaux développements, 56 tuiles développements, 60 tuiles mondes, 7 tuiles actions, 8 tuiles objectifs, 5 plateaux stock, 1 tuiles mise en place colons, 1 tuiles aide de jeu, 40 jetons PV hexago (8 de 10pv, 7 de 5 pv, 25 de 1 pv), 56 jetons crédits rectangle (8 de 10 §, 8 de 5§, 40 de 1 §) 1 piste ordre de jeu, 10 disques joueur (2 dans chaque couleurs), 1 sac, 1 régles  ",04/11/2021,https://www.youtube.com/watch?v=yWGaO20qAjc
ok,634,Patchistory,R,REF,REF,neuf,12+,60-120 min,2-4,Civilisation,45,3,,,0,,,13 03 2022,,,,"Ryu du yeol, kim jung hyun",,,,iello,,,,,2021-2022,Adultes,,"4 tuiles capitale, 4 paravents, 4 tableaux de reference, 1 plateau temps, 90 tuiles( 25 terrain par ere, 15 cartes prosperités, 14 routes commerciales principales, 4 routes commerciales alliés, 32 marqueurs de statut, 1 marqueur 1er joueur, 32 pions ouvriers, 120 cubes en bois, 36 tuiles batiments, 50 jetons argent, 75 jetons cultures, 2 jetons encheres/declaration, 1 marqueur de manche, 1 marqueur de phase.",13/03/2022,
ok,635,Skyjo,R,REF,REF,neuf,8+,30 min,2-8,,15,1,,,150,56*87,,04-11-2021,,,,,,Alexander Bernhardt,,Black rock games,,,,,2021-2022,Adultes,,"150 cartes ( 5 -2, 15 0, 10 de chaque face) 1 bloc score, 1 regle",08/10/2023,https://www.youtube.com/watch?v=4BJv_vDqou8
ok,635,undo la fievre du trésor,R,ENQ,ENQ,neuf,10+,60 min,2-6,Enquête,11.9,1,,,85,67.5*43.5 (60) 120*80 25,,04 11 2021,,,,léa frohlich,,"lukas zach, michael palm",,gigamic,,,,,2021-2022,Adultes,,25 grandes cartes; 60 petites cartes,04/11/2021,https://www.youtube.com/watch?v=wRmy8WFnyFE
ok,636,Star Clicker,R,COO,REF,neuf,8+,40 min,2-4,Science Fiction,32,2,,,0,,,04-11-2021,,,,Gyom,,Christophe Raimbault,,Ludonaute,,,,,2021-2022,Adultes,,"1 plateau, 40 tuiles secteur ( 8 dans 5 zones), 4 jetons vaisseau, 4 jetons bouclier, 2 tuiles vaisseau-mére R/V, 33 jetons Creeper/energie, 4 jetons ligne assault, 4 jetons replicator,20 tuiles disquette (6 niv 1, 8 niv 2, 6 niv 3) 4 tableau de bord, 36 jetons bouton ( 9 par pilote), 4 tuiles écran, 1 régles, 1 livret mode de jeu",08/10/2023,https://www.youtube.com/watch?v=jBA59k3dkGQ
ok,636,undo le printemps des cerisiers,R,ENQ,ENQ,neuf,10+,60 min,2-6,Enquête,11.9,1,,,85,67.5*43.5 (60) 120*80 25,,04 11 2021,,,,léa frohlich,,"lukas zach, michael palm",,gigamic,,,,"plus 3 jetons creeper, 2 jetons boutons par joueurs vide en plus",2021-2022,Adultes,,25 grandes cartes; 60 petites cartes,04/11/2021,https://www.youtube.com/watch?v=wRmy8WFnyFE
,637,Incognito,R,EXP,EXP,neuf,12+,20 min,3-6,Expression,20,2,,,186,66*44 (136); 88*55 (50),,04/09/2021,,,,Zongoh,,Antonin Boccara,,gigamic,,,,,2021-2022,Adultes,,"6 Ardoises, 100 cartes mot, 36 cartes vote, 50 cartes lieu, 6 tuiles numéro, 6 feutres, 1 régle.",03/10/2023,https://www.youtube.com/watch?v=7DtEOAlbas4
ok,637,undo prisonnier du passé,R,ENQ,ENQ,neuf,10+,60 min,2-6,Enquête,11.9,1,,,85,67.5*43.5 (60) 120*80 25,,04 11 2021,,,,léa frohlich,,"lukas zach, michael palm",,gigamic,,,,,2021-2022,Adultes,,25 grandes cartes; 60 petites cartes,04/11/2021,https://www.youtube.com/watch?v=wRmy8WFnyFE
ok,638,undo ruelle pourpre,R,ENQ,ENQ,neuf,10+,60 min,2-6,Enquête,11.9,1,,,85,67.5*43.5 (60) 120*80 25,,04 11 2021,,,,léa frohlich,,"lukas zach, michael palm",,gigamic,,,,,2021-2022,Adultes,,25 grandes cartes; 60 petites cartes,04/11/2021,https://www.youtube.com/watch?v=wRmy8WFnyFE
,639,Colt Super Express,R,REF,REF,,,,,Western,15,1,,,,,,04 11 2021,,,,,,,,,,,,,2021-2022,Adultes,,,,
ok,639,undo le savoir interdit,R,ENQ,ENQ,neuf,10+,60 min,2-6,Enquête,11.9,1,,,85,67.5*43.5 (60) 120*80 25,,04 11 2021,,,,léa frohlich,,"lukas zach, michael palm",,gigamic,,,,,2021-2022,Adultes,,25 grandes cartes; 60 petites cartes,04/11/2021,https://www.youtube.com/watch?v=wRmy8WFnyFE
ok,640,7 wonders architect,R,REF,REF,neuf,8+,25 min,2-7,Antiquité,40,3,,,235,81*55,,01-08-2023,,,,Etienne Hebinger,,Antoine Bauza,,Team repos production,,,,,2021-2022,Adultes,,"238 cartes (7*25; 60 carte ressources) , 7 merveilles en 5 élements, 7 sabots de cartes, 8 coffrets de rangement, 15 jetons progrés, 6 jetons conflit, 28 jetons victoire militaire, 1 pions chat avec socle, 1 régles.",02/10/2023,https://www.youtube.com/watch?v=mAarfGSFdNw
,641,Potion explotion - 6ieme apprenti,R,REF,REF,,,,,,28.5,2,,,,,,,,,,,,,,,,,,,2021-2022,Adultes,,,,
,642,kosmopolit,R,COO,EXP,neuf,10+,6 min,4-8,cuisine,21,2,,,165,88*64,,01-08-2023,,,,,,,,Opla,,,,,2021-2022,Adultes,,"1 bloc note,8 cartes (1 serveuse, 1 maître d'hotel, 6 cuistots), 57 cartes ingrédients, 9 cartes tables, 36 cartes langues, 1 régles, 1 livrets ""le dessous des cartes"".",04-10-2023,https://www.youtube.com/watch?v=zTmgmnP4jTE
ok,643,Pingo pingo,R,ADR,ADR,neuf,6+,15 min,2-5,Aventure,35,2,,,35+82,87*62,,13-03-2022,,,,"igor polouchine, Andréa Fermanstrand,Alexey Yakovlev",,Roberto Fraga,,iello,,,,,2021-2022,Adultes,,"1 livret de regle, 1 pistolet pirate, 1 CD, 10 flechettes, 1 cible space pinguin, 1 cible ours, 2 bases pont suspendu, 1 base plateau pirate,35 cartes point de vie, 82 cartes aventures.",06/11/2025,https://www.youtube.com/watch?v=aSfdyYqYRD4
,644,Akropolis,R,REF,REF,,,,,,27,2,,,,,,01-08-2023,,,,,,,,,,,,,2021-2022,Adultes,,,,
,645,alerte! astéroïdes,R,REF,REF,neuf,8+,,1,Espace,17,1,,,,,,01-08-2023,,,,,,,,Smart games,,,taquin,,2022-2023,Enfants,,"7 tuiles astéroide, 1 tuiles vaisseau, 1 coffret, 1 livret défi/soluions, 1 régles.",02/10/2023,https://www.youtube.com/watch?v=giinycUYSPo
,646,Critical - Fondation,R,COO,EXP,neuf,14+,,2-5,jeu de rôle,32,2,,,106,43*66(60);90*130(46),,16/09/2022,,,,,,,,Gigamic,,,,,2021-2022,Adultes,,"1 présentation JDR, 1 écran MJ, 1 livret présentation S1, 9 épisodes de 30 min, 34 cartes épisode, 4 cartes perso, 8 cartes PNJ, 10 cartes indices, 8 cartes histoire, 23 cartes blessure et état, 19 cartes équipement, 41 jetons, 7 dés 6 8 et 12 faces, 1 feutre,4 portes noms, 4 pochettes, 1 plan, 1 régle.",02/10/2023,
ok,647,Skybridge,R,ADR,ADR,,7+,,2-4,,25,2,,,,,achat bourse kazok,22/10/2022,,,,,,,,,,,,,2022-2023,Adultes," 1 toit orange, 1 bloc de 3 rouge, 1 bloc de 3 blanc","1 régle, un plateau, 44 piéces en 4 couleurs.( 1 blocs de 3, 4 blocs de 2, 4 blocs de 1, 2 tois par couleur)",30/10/2022,
ok,648,mystery house,R,ENQ,ENQ,bon,12+,12+,,,32,2,,,,,achat bourse kazok,22/10/2022,,,,,,,,,,,,neccesite application,2022-2023,Adultes, en plus 22 tuiles lieu.,"1 régle, 1 structure, 1 tutoriel (4 cartes objet, 8 cartes lieu), 2 boites aventure: boites seigneur du labyrinthe 42 tuiles lieu,26 cartes objet .Portrait de famille33 tuiles lieu, 19 cartes object",30/10/2022,https://www.youtube.com/watch?v=J6Hj1Ztt1M4&t=27s
ok,649,retour à tombstone (ext Mystery house),R,ENQ,ENQ,bon,12+,12+,,,13,1,,,,,achat bourse kazok,22/10/2022,,,,,,,,,,,,"neccesite application, extension mystery house",2022-2023,Adultes,,"boite retour à tombstone 36 tuiles lieu, 28 cartes objet..",30/10/2022,
ok,650,Beyond Baker Street,R,ENQ,ENQ,bon,,,,,33,2,,,83,88*57,achat bourse kazok,22/10/2022,,,,Atha Kanaani,,Robin Lees et Steve Mackenzie,,Steven Kimball,,,,,2022-2023,Adultes,,"1 régles, 6 cartes affaire, 24 cartes preuves, 21 cartes personnages, 1 plateau, 28 cartes pistes (8 occasion, 8 mobile, 12 suspect), 4 aides, 3 marqueurs confirmer bleu, 1 marqueur enquête blanc, 1 marqueur holmes rouge.",30/10/2022,https://www.youtube.com/watch?v=_Y_EYC9tD_w
,651,Réservé doublon,,,,,,,,,,1,,,,,,,,,,,,,,,,,,,,,,,,
,652,Réservé doublon,,,,,,,,,,1,,,,,,,,,,,,,,,,,,,,,,,,
,653,Incognito ,,EXP,EXP,,,,,,,1,,,,,,,,,,,,,,,,,,,,,,,,
,654,Réservé doublon,,,,,,,,,,1,,,,,,,,,,,,,,,,,,,,,,,,
,654,Similo Histoire,R,COM,COM,,,,,,12,1,,,,,,,,,,,,,,,,,,,2021-2022,Adultes,,,,
,655,Réservé doublon,,,,,,,,,,1,,,,,,,,,,,,,,,,,,,,,,,,
,656,Réservé doublon,,,,,,,,,,1,,,,,,,,,,,,,,,,,,,,,,,,
,657,Réservé doublon,,,,,,,,,,1,,,,,,,,,,,,,,,,,,,,,,,,
,658,Réservé doublon,,,,,,,,,,1,,,,,,,,,,,,,,,,,,,,,,,,
serait vendu,659,Bacchanales,R,EXP,EXP,,,,,,50,3,oui,,,,,,,,,,,,,,,,,,2022-2023,Adultes,,,,
serait vendu,660,Pour les nuls - le jeu,R,QUE,QUE,,,,,,15,1,oui,,,,,,,,,,,,,,,,,,2022-2023,Adultes,,,,
A vendre,661,Parcours sans risque,R,PAR,PAR,,,,,,15,1,oui,,,,,,,,,,,,,,,,,,2022-2023,Adultes,,,,
,662,Bugers?,R,REF,REF,,,,,,,1,oui,,,,,,,,,,,,,,,,,,2022-2023,Adultes,,,,
vendu,663,"Runebound - ext ""l'ile de la terreur""",R,REF,REF,,,,,,60,3,oui,,,,,,,,,,,,,,,,,,2022-2023,Adultes,,,,
,664,Colorsgame,R,QUE,QUE,Bon,4,,1 - 4,Découverte,10,1,oui,,,5,,,,,,,,,,,,,,date d’entrée : 2015-2016,2022-2023,Enfants,,,,
a vendre,665,Taboo XXL,R,QUE,QUE,,,,,,35,2,oui,,,,,,,,,,,,,,,,,,2022-2023,Adultes,,,,
,666,Keblo,R,COO,EXP,,,,,,13.5,1,,,,,,07-12-2022,,,,,,,,,,,,,2022-2023,Adultes,,,,
ok,667,Splendor Duel,R,REF,REF,neuf,10+,30 min,2,Mediéval,25,2,,,71,44*66,,07-12-2022,,,,Davide TOSELLO,,Marc ANDRE/Bruno CATHALLA,,Space cowboy,,,,,2022-2023,Adultes,,"1 Régle, 67 cartes joallerie, 1 sac, 3 figurines privilege, 25 jetons (4 bleu, 4 blanc, 4 vert, 4 noir, 4 rouge, 2 perles, 3 or) 1 plateau, 4 cartes royal.",12/12/2022,https://www.youtube.com/embed/lqbFyYPTUp0
ok,668,Quetzal,R,REF,REF,neuf,10+,15 min,2-5,,35,2,,,85,44*67,,07-12-2022,,,,Nastya Lehn,,Alexandre Garcia,,Gigamic,,,,,2022-2023,Adultes,,"1 regle, 1 plateau, 75 cartes objet, 5 meeples personnage, 30 meeples équipe, 24 tuiles amélioration, 5 tuiles personnage, 10 isque en bois, 60 piéces d'or, 1 jetons 1er joueur, 1 jeton avion, 10 cartes automate, 1 jeton marché automate, 3 caches éeme et 3eme joueurs.",17/12/2022,https://www.youtube.com/watch?v=rkRhrVcAa6o
ok,669,Monique,R,EXP,EXP,neuf,16+,20 min,3+,,25,2,,,300,,,07-12-2022,,,,,,,,Bakakou,,,,,2022-2023,Adultes,,"1 régle, 264 cartes mot (218 cartes mot simple, 26 cartes trou, 20 cartes mot censuré) 36 cartes moniue dont 9 censuré.",17/12/2022,
ok,670,Unlock ! Game Adventures,R,ENQ,ENQ,neuf,10+,"60 mi,",1-6,enquête,35,2,,,190,,,07-12-2022,,,,,,,,Space cowboy,,,,,2022-2023,Adultes,,"1 livret de régles, 1 tutoriel (10 cartes), 3 histoires (190 cartes), 10 cubes rouges, 1 plan quarantaine, 1 livret solutions",18/12/2022,
ok,671,Unlock ! Extraordinary Adventures,R,ENQ,ENQ,neuf,10+,60 min,1-6,enquête,35,2,,,190,112*61,,07-12-2022,,,,,,,,Space cowboy,,,escape,,2022-2023,Adultes,,"1 livret de régles, 1 tutoriel (10 cartes), 3 histoires (180 cartes), 1 éléments en carton de  4 piéces",17/12/2022,
ok,672,Unlock! Kids : Histoires d'époques,R,ENQ,ENQ,neuf,6+,20 min,1-4,enquête,25,2,,,149,,,07-12-2022,,,,,,,,Space cowboy,,,escape,,2022-2023,Enfants,,"1 livret de régles, 1 tutoriel (11 cartes), 3 histoires (149 cartes), 6 éléments spéciaux, 46 jetons, 1 livret d'indices et solutions.",17/12/2022,
ok,673,Unlock! Kids : Histoire de Détectives,R,ENQ,ENQ,neuf,6+,20 min,1-4,enquête,25,2,,,150,,,07-12-2022,,,,,,,,Space cowboy,,,escape,,2022-2023,Enfants,,"1 livret de régles, 1 tutoriel (11 cartes), 3 histoires (150 cartes), 7 éléments spéciaux, 38 jetons, 1 livret d'indices et solutions.",17/12/2022,
ok,674,Mysterium Kids : Le Trésor du Capitaine Bouh,R,ENQ,ENQ,neuf,6+,21 min,2-6,enquête,30,2,,,78,,,07-12-2022,,,,Olivier Danchin,,Antonin Boccara; Yves Hirschfeld,,Libellud,,,,,2022-2023,Enfants,,"1 régle,1 tambourin, 1 plateau manoir, 1 plateau compte tour, 1 pion lune, 5 jetons fantôme, 78 cartes bruit, 10 tuiles trésor",18/12/2022,https://www.youtube.com/watch?v=Gb8RGLGs6c4
ok,675,Detecteam Family - Le Mystère de la Tarte Disparue,R,ENQ,ENQ,neuf,7+,20 min,2-4,enquête,11,1,,,44,79*220,,07-12-2022,,,,Eugénie Smolenceva,,"Alexander Peshov, Ekaterina Pluzhniova",,Life style,,,escape,,2022-2023,Enfants,,44 cartes,03/10/2023,https://www.youtube.com/watch?v=nV2TTjnZdTM
,676,Le Rallye des Vers de Terre,R,PAR,PAR,neuf,4+,20 min,2-4,,30,2,,,,,,07-12-2022,,,,"Pauline Détraz, Heidemarie Rûttinger",,Carmen Kleinert,,,,,,,2022-2023,Enfants,,"1 grand plateau de eu, 1 petit plateau (fente), 60 morceaux de vers, 1 dé, 4 fixations de plateaux, 4 têtes de ver, 4 fraises, 4 paquerettes.",04-10-2023,https://www.youtube.com/watch?v=po8J7BJrYSM
,677,"1,2,3 Glisse !",R,ADR,ADR,,,,,,20,2,,,,,,07-12-2022,,,,,,,,,,,,,2022-2023,Enfants,,,,
ok,678,Tête-à-Queue,R,REF,REF,neuf,4+,15 min,2-4,,20,2,,,,,,07-12-2022,,,,Irina Pechenkina,,Katrin Adfalter,,gigamic,,,,,2022-2023,Enfants,1 metre en tissu,"1 dé, 1 metre en tissu, 4 attaches (4 en plus), 4 lots de tuiles (1 tête, 1 queue, 8 corps), 4 tuiles dragon, 8 pions ronds, 1 regle.",08-10-2023,https://www.youtube.com/watch?v=FSNM55p4pJc
,679,unlock short aventure donjon de doo arann ,R,ENQ,ENQ,,,,,enquête,9,1,,,,,ludovic,,,,,,,,,,,,escape,,2022-2023,Adultes,,,,
ok,680,unlock short aventure panique en cuisine,R,ENQ,ENQ,bon,10+,30 min,1-6,enquête,9,1,,,30,62*112,ludovic,01-04-2023,,,,Pandaluna,,,,Space Cowboy,,,escape,,2022-2023,Adultes,,"30 cartes, 1 regle en 2 cartes",08-10-2023,
,681,Quarto,R,REF,REF,,,,,bois,240,3,,,,,,01-04-2023,,,,,,,,,,,,,2022-2023,Animations,,,,
,682,Gagne ta maman ! Géant,R,REF,REF,,,,,bois,240,3,,,,,,01-04-2023,,,,,,,,,,,,dédicacé auteur,2022-2023,Animations,,,,
,683,Qawale,R,REF,REF,neuf,8+,15 min,2,,33.5,2,,,,,,10-12-2022,,,,,,"Romain Froger, Didier Lenain-Bragard",,gigamic,,,,,2022-2023,Adultes,,"1 plateau, 8 galets clair, 8 galets foncé, 8 galets orangés, 1 regle",08-10-2023,https://www.youtube.com/watch?v=3Qfl94JXmr8
,684,Colline aux feux follets,R,COO,PAR,neuf,5+,20 min,1-4,,36,2,,,,,,10-12-2022,,,,"Clemnewter, ",,"Jens-peter Schliemann, Bernard Weber",,gigamic,,,,,2022-2023,Enfants,,"1 plateau + 4 supports, 1 plateau arrivée recto/verso, 6 figurines apprenti (bleu), 4 figurine sorciéres( noir), 1 sac, 5 billes( bleu, rouge,jaune,violet, blanc, 1 régle",04-10-2023,https://www.youtube.com/watch?v=_JFb5brgbqg
,685,Cascadia,R,REF,REF,,,,,,35,2,,,,,,18-01-2023,,,,,,,,,,,,,2022-2023,Adultes,,,,
,686,P'tits explorateurs,R,ENQ,ENQ,,,,,enquête,20,2,,,,,,01-06-2023,,,,,,,,,,,,,2022-2023,enfants,,,,
,687,Unlock ! Legendary Adventures,R,ENQ,ENQ,neuf,10+,60 min,1-6,enquête,35,2,,,190,112*61,,04-06-2023,,,,,,,,Space Cowboys,,,escape,,2022-2023,Adultes,,"1 livret de régles, 1 tutoriel (10 cartes), 3 histoires (180 cartes), 2 affiches, 1 livre de solutions",08-10-2023,
ok,688,Clac clac,R,HAS,HAS,neuf,4-8,10 min,2-6,,26.50,2,,,,,,24/09/2023,,,,Stephane Escapa; Markus Wagner,,"Halm Shafir, Koby Ben-aroush",,Gigamic,,,,,2022-2023,enfants,,"36 disques, 1 dé symbole, 1 dé couleur, 1 regle",28/09/2023,https://www.youtube.com/watch?v=FJbwLGQBVWc
ok,689,Pitch Out,R,ADR,ADR,neuf,7+,10 min,2,,20.00,2,,,,,,24/09/2023,,,,laurent nicolas,,adrien charles,,Gigamic,,,,,2022-2023,enfants,,"1 sac de transport, 16 pions, 18 jetons personnage, 5 obstacles, 1 livret de régles.",26/09/2023,Pitch Out expliqué par son auteur ! - YouTube
ok,690,JARDINS D'ORIENT,R,REF,REF,neuf,10+,45 min,2-4,,35.00,2,,,70,102*60,,24/09/2023,,,,Rachance,,Martin Dolezal,,Gigamic,,,,,2022-2023,Adultes,,"1 pagode (4 murs, 4 toits, 4 sommets,4 bases, 16 coins, 1 fleuron, 1 socle central, 1 sol rond) 70 cartes, 1 plateau score, 1 feuillet assemblage, 4 tuiles planification, 12 tuiles bonus, 60 pions ressources (15 par types), 16 marqueurs scores ( 4 par couleurs), 1 regle.",28/09/2023,Jardin d'Orient-La Règle du Jeu- Gigamic - YouTube
ok,691,AVENTURIERS DU RAIL : 15TH ANNIVERSARY,R,PAR,PAR,neuf,8+,30-60 min,2-5,,100.00,3,,,220,86*56,,24/09/2023,,,,Julien Delval,,Alan R.Moon,,Day of wonder,,,,,2022-2023,Adultes,,"1 plateau, 5*45 wagons mini,15 gares, 5 marqueurs score, 1 carte bonus, 1 carte big city, 110 cartes wagons, 108 cartes destinations (46 jeu base, 55 europa 1912,6 extension orient-express,1 ticket to ride), 5 coffres metallique.",29/09/2023,https://www.youtube.com/watch?v=QgX8dwbdiug
ok,692,Secret Identity ,R,EXP,EXP,neuf,10+,30 min,3-8,,27.00,2,,,240,63*90(150*);60*30(90),,24/09/2023,,,,Eliott Riva,,"Johan Benvenuto, Alexandre Droit, évin Jost, Bertrand Roux",,Funnyfox,,,,,2022-2023,Adultes,,"8 coffres forts, 90 carte picto, 150 cartes personnages, 8 clés mystére, 64 clés de vote, 8 marqueurs de score 30, 8 pions de couleurs, 1 plateau central, 1 regle",27/09/2023,https://www.youtube.com/results?sp=mAEB&search_query=regle+de+jeu+secret+identity
ok,693,Turing Machine,R,ENQ,ENQ,neuf,14+,20 min,1-4,,38.00,2,,,143,88*58 (48) 85*85 (95),,24/09/2023,,,,Sebastien Bizos,,"Fabien Gridel, Yoann Levet",,Christian Lemay,,,,,2022-2023,Adultes,,"1 tuile machine, 1 support a cartes perfo, 45 cartes perforées, 48 cartes critéres, 95 cartes vérifications, 1 blocs feuilles de notes, 4 aides ménoires, 1 feutre, 1 régles.",29/08/2023,https://www.youtube.com/watch?v=Zj9L3g620lk
ok,694,Vaalbara,R,REF,REF,neuf,10+,25 min,2-5,,17.50,1,,,111,63*88,,24/09/2023,,,,,,Olivier Cipiere,,Studio H,,,,,2022-2023,Adultes,,"51 cartes territoire, 62 cartes personnage, 75 jetons, 5 aides de jeu, 1 regle",27/09/2023,https://www.youtube.com/watch?v=e0A4EkQaZ2k
ok,695,Roll'n Bump,R,HAS,HAS,neuf,8+,20 min,2-5,,22.50,2,,,49,63*88,,24/09/2023,,,,Bernard Cabarrou,,Louis-nicolas Dozois,,Boom,,,,,2022-2023,Adultes,,"49 cartes, 5 aide de jeu, 5 jeux de 5 dés ( rouge,mauves,verts,aqua,noirs), 1 dés bonus blanc, 1 regle",27/09/2023,https://www.youtube.com/watch?v=9aJQiaSfjeE
ok,696,MIND UP,R,REF,REF,neuf,8+,20 min,3-6,,15.00,1,,,104,58*88,,24/09/2023,,,,Christine Alcouffe,,Maxime Rambourg,,Catch up games,,,,,2022-2023,Adultes,,104 cartes (60 principales numérotée 1 à 60; 30 cartes score; 14 cartes objectif bonus) 1 regle,27/09/2023,https://www.youtube.com/results?search_query=regle+de+jeu+mind+up
ok,697,Dorfromantik,R,COO,REF,neuf,8+,45 min,1-6,,36.90,2,,,31,59*90,,24-09-2023,,,,Paul Riebe,,"Lukas Zach, Michael Palm",,Gigamic,,,,,2022-2023,Adultes,,"48 tuiles paysage, 25 tuiles objectif, 25 jetons objectifs, 1 bloc campagne, 1 bloc score. 5 boites contenants en tout : 32 tuiles, 31 cartes, 8 jetons, 5 pions coeur, 1 socle plastique.",05-10-2023,https://www.youtube.com/watch?v=lJILRxcWeSQ
ok,698,Sur les traces de Darwin,R,REF,REF,neuf,8+,30 min,2-5,,33.90,2,,,,,,24/09/2023,,,,Maud Briand; David Sitbon,,"Grégory Grard, Mathieu Verdier",,gigamic,,,,,2022-2023,Adultes,,"1 plateau voyage, 5 carnets naturaliste, 69 tuiles personnages et animaux, 28 tuiles théorie, 1 pion Beagle, 1 pion Darwin, 41 jetons divers, 1 sac en tissu, 1 carnet score, 1 livret de régles, 1 appendice.",25/09/2023,https://www.youtube.com/watch?v=HL57V0InVDY
ok,699,D'Orge et de Blé,R,REF,REF,neuf,10+,30 min,2,,28.50,2,,,60,57*88,,24/09/2023,,,,michael Menzet,,Scott Almes,,gigamic,,,,2 cartes avec erreurs remplacées,2022-2023,Adultes,,"60 cartes (30 bieres/30 pains) 1 plateau, 84 pions ressources ( 18 eau bleu, 18 blé jaune, 18 orge marron, 15 seigle beige, 15 houblon vert), 1 marqueur année blanc, 1 bloc score, 1 moulin, 1 regles.",26/09/2023,https://www.youtube.com/watch?v=kYgRv8ODuSk
ok,700,Bubble stories,R,ENQ,ENQ,neuf,4+,10 min,1-2,,10,1,,,72,65*250,,08-04-2023,,,,Simon Douchy,,Matthew Dunstan,,blue orange,,,Escape,,2022-2023,Enfants,,"72 cartes (6 verte tuto, 20 orange, 22 violet, 24 bleu) 1 régle",02/10/2023,https://www.youtube.com/watch?v=vudV5H30jL4
ok,701,Cheese master,R,ASS,ASS,neuf,8+,10 min,2-8,,14,1,,,40,60*60,,08-04-2023,,,,Biboun,,"Alexandre Droit, Johan Benvenuto",,Iello,,,,,2022-2023,Enfants,,"40 cartes, 7 pions meule, 6 dés, 1 regles",02/10/2023,https://www.youtube.com/watch?v=HRAlsxechJM
ok,702,Détective charlie,R,ENQ,ENQ,neuf,7+,25 min,1-5,,22,2,,,122,61*112,,08-04-2023,,,,Piper Thibodeau,,Théo Riviere,,Loki kids,,,Escape,,2022-2023,Enfants,,"1 dé, 6 enveloppes coupables avec cartes, 1 pions + socle, 1 commisariat (boite de jeu), 1 montre, 1 carnet de detective, 6 paquets enquête (1 carte enquête, 8 cartes témoin, 8 cartes suspect, 2-3 cartes preuve) 1 régle.",03/10/2023,https://www.youtube.com/watch?v=cX2PfsRIO2A
ok,703,Flash back zombie kid,R,ENQ,ENQ,neuf,7+,30 min,1-4,,25,2,,,110,120*80(80);65*40(30),,08-04-2023,,,,Laure de Chateaubourg; jennifer Mati; Michel Verdu,,Baptiste Derrez; Marc Antoine Doyon,,Scorpion masqué,,,,,2022-2023,Enfants,,"80 cartes histoire, 30 cartes spéciale, 2 enveloppes, 1 boite, 1 lampe bleu, 1 paire lunettes 3D, 1 boussole, 1 regle.",03/10/2023,https://www.youtube.com/watch?v=vZSHYgbaniQ
ok,704,Kids chronicles: la quête des pierres de lunes,R,ENQ,ENQ,abimé,7+,30-45,1-4,,22,2,,,61,88*58 (21);68*44(40),,08-08-2023,,,,"Chanon Torncharonensri;Whihoon lee, Maryna Nesterova",,David Cicurel,,Lucky Duck,,,,plateau déchiré,2022-2023,Enfants,,"1 plateau recto/verso, 21 cartes perso, 40 cartes obet, 1 régle.",04-10-2023,https://www.youtube.com/watch?v=SL9CYu4JjmI
ok,705,after us,R,REF,REF,neuf,14+,45,1-6,,40.5,3,,,174,63.5*88,,04-08-2024,,,,Vincent Dutrait,,Florian Sirieix,,Catch up games,,,,,2023-2024,Adultes,,"1 plateau de jeu, 6 plateaux perso, 12 marqueurs perso, 24 jetons action, 48 cartes de départ, 120 cartes tribu, 120 jetons nourriture (40 fleurs, 40 fruits, 40 graines), 47 etons energie, 7 tuiles objet, 6 aide de jeu, 1 régles, 1 feuillet mode solo.",08-04-2024,Ludochrono - After Us - YouTube
ok,706,tossit,R,ADR,ADR,neuf,7+,,2,,35.9,2,,,,,,14-04-2024,,,,,,,,,,,,,2023-2024,Enfants,,"1 sac de transport, 7 flechettes ventouse",14-04-2024,
ok,707,mon puzzle aventure - dragon,R,ENQ,ENQ,neuf,5+,30,1+,,18.9,1,,,,,,14-04-2024,,,,Arnaud Boutle,,"Antonin Boccara, Romaric Galonnier",,Game flow,,,,,2023-2024,Enfants,,"42 piéces, 1 régle",14-04-2024,https://www.youtube.com/watch?v=LZeQrlz8SPk
ok,708,Turbo kidz,R,PAR,PAR,neuf,7+,15,2-6,,22.95,2,,,,,,14-04-2024,,,,Nikao et Rémy Tornior,,Emmanuel Gauvain,,Scorpion masqué,,,,,2023-2024,Enfants,,"16 plateaux R/V, 2 masques tissu, 2 marqueurs, 6 cartes voiture, 1 gabarit bombe, 1 gabarit corde, 2 chiffons, 1 régle",14/04/2024,https://www.youtube.com/watch?v=oDO-e5XgDgM
,709,Dauphin le 9ieme passager,R,EQU,EXP,,,,,,24.9,2,,,,,,14-04-2024,,,,,,,,,,,,,2023-2024,Adultes,,,,
,710,unlock supernatural aventure,R,ENQ,ENQ,,,,,,35,2,,,,,,14-04-2024,,,,,,,,,,,,,2023-2024,Adultes,,,,
ok,711,Faraway,R,COM,COM,neuf,10+,25,2-6,,20,2,,,113,70*70(68); 68*44(45),,14-04-2024,,,,Maxime Morin,,"Maxime Goupy, Corentin Lebrat",,Cathup games,,,,,2023-2024,Adultes,,"68 cartes région, 45 cartes sanctuaire, 1 carnet de score, 1 régle",14-04-2024,Ludochrono - Faraway - YouTube
ok,712,0 à 100,R,EQU,QUE,neuf,12+,15,2-12,,13.5,1,,,167,64*40,,14-04-2024,,,,Thiebault Courot,,Antonin Boccara,,Scorpion masqué,,,,,2023-2024,Adultes,,"158 cartes Q/R, 1 cartes départ, 9 cartes pouvoir, 1 régle",14-04-2024,https://www.youtube.com/watch?v=-v6bTHkMVDU
,713,shut the box,R,HAS,HAS,,,,,Bois,15,1,,,,,,14-04-2024,,,,,,,,,,,,,2023-2024,Animations,,,,
,714,shut the box à 4,R,HAS,HAS,,,,,Bois,15,1,,,,,,14-04-2024,,,,,,,,,,,,,2023-2024,Animations,,,,
,715,trio ,R,EQU,COM,,,,,,11.9,1,,,,,,14-04-2024,,,,,,,,,,,,,2023-2024,Adultes,,,,
ok,716,mini bowling,R,ADR,ADR,neuf,7+,,,,10,1,,,,,,14-04-2024,,,,,,,,Mister Gadget,,,,,2023-2024,Enfants,,"1 piste, 1 lanceur, 1 bille métal, 9 quilles",,
,717,bubble stories vacances,R,ENQ,ENQ,,,,,,10.9,1,,,,,,14-04-2024,,,,,,,,,,,,,2023-2024,Enfants,,,,
,718,Shuffle Puck Mango 90 cm,R,ADR,ADR,,,,,Bois,90,3,,,,,,14-04-2024,,,,,,,,,,,,,2023-2024,Animations,,,,
,719,Tour coopérative Pro,A,COO,COS,,,,,Bois,94,3,,,,,,14-04-2024,,,,,,,,,,,,,2023-2024,Animations,,,,
,720,Parcours coopératif,R,COO,PAR,,,,,Bois,202,3,,,,,,14-04-2024,,,,,,,,,,,,,2023-2024,Animations,,,,
,721,CORNHOLE VINYLE TRANSPARENT,R,ADR,ADR,,,,,Bois,241,3,,,,,,14-04-2024,,,,,,,,,,,,,2023-2024,Animations,,,,
,722,Jeu de l'anneau - Duel,R,ADR,ADR,,,,,Bois,30,2,,,,,,14-04-2024,,,,,,,,,,,,,2023-2024,Animations,,,,
,723,Speed Ball ,R,ADR,ADR,,,,,Bois,170,3,,,,,,14-04-2024,,,,,,,,,,,,,2023-2024,Animations,,,,
,724,Jeu des batonnets,R,REF,REF,,,,,Bois,75,3,,,,,,14-04-2024,,,,,,,,,,,,,2023-2024,Animations,,,,
,725,Planche à clous,R,ADR,ADR,,,,,Bois,230,3,,,,,,14-04-2024,,,,,,,,,,,,,2023-2024,Animations,,,,
,726,Nekojima,R,ADR,ADR,,,,,,38,2,,,,,,14-04-2024,,,,,,,,,,,,,2023-2024,Adultes,,,,
,727,Unlock ! Risky Adventures,R,ENQ,ENQ,,,,,,35,2,,,,,,14-04-2024,,,,,,,,,,,,,2024-2025,Adultes,,,,
,728,Escape Box Zombie,R,ENQ,ENQ,,,,,,15,1,,,,,,14-04-2024,,,,,,,,,,,,,2024-2025,Adultes,,,,
,729,critical  fondation saison 2,R,COO,EXP,,,,,,27,2,,,,,,14-04-2024,,,,,,,,,,,,,2024-2025,Adultes,,,,
ok,730,SEA SALT & PAPER,R,HAS,HAS,,,,,,12,1,,,,,,14-04-2024,,,,,,,,,,,,,2024-2025,Adultes,,,,
,731,Sky Team,R,HAS,HAS,,,,,,31,2,,,,,,14-04-2024,,,,,,,,,,,,,2024-2025,Adultes,,,,
,732,Foret Mixte,R,ASS,ASS,,,,,,30,2,,,,,,14-04-2024,,,,,,,,,,,,,2024-2025,Adultes,,,,
,733,Numbers Up,R,ADR,ADR,,,,,,30,2,,,,,,14-04-2024,,,,,,,,,,,,,2024-2025,Adultes,,,,
ok,734,ECLAIRTOUT,R,PAR,PAR,neuf,6+,15 min,1-5,,25,2,,,,,,04-11-2025,,,,,,,,,,,,,2024-2025,Enfants,,"1 régle, 5 plateaux, 1 sablier, 5 compteurs, 5 lampes de poche carton, 60 cartes recherche, 5 pions, 1 dé lune, 7 jetons eclair, 1 pions lune, 1 poster, variantes : 4 jetons quadrant, 5 cartes quadrant, 1 jeton défi.",04/11/2025,https://www.youtube.com/watch?v=FG_TL7Z1J3o
ok,735,File Filou!,R,PAR,PAR,neuf,3+,15 min,2-4,,23,2,,,,,,05-03-2025,,,,,,,,,,,,1 buisson abimé,2024-2025,Enfants,,"1 regle, 1 plateau, 12 animaux, 4 chemin, 1 loup, 1 dé",06/11/2025,
,736,Chateau Combo,R,COM,COM,,,,,,20,2,,,,,,05-03-2025,,,,,,,,,,,,,2024-2025,Adultes,,,,
,737,Planche des pirates,R,REF,REF,,,,,,29,2,,,,,,05-03-2025,,,,,,,,,,,,,2024-2025,Enfants,,,,
,738,Bomb buster,R,ENQ,ENQ,,,,,,35,2,,,,,,05-03-2025,,,,,,,,,,,,,2024-2025,Adultes,,,,
,739,Akropolis - Athena ext,R,REF,REF,,,,,,13,1,,,,,,05-03-2025,,,,,,,,,,,,,2024-2025,Adultes,,,,
,740,CAPTAIN FLIP,R,COM,COM,,,,,,27,2,,,,,,05-03-2025,,,,,,,,,,,,,2024-2025,Adultes,,,,
,741,The Crew - Mission sous-marine,R,COO,EXP,,,,,,17,1,,,,,,05-03-2025,,,,,,,,,,,,,2024-2025,Adultes,,,,
,742,Ekko,R,ASS,ASS,,,,,,15,1,,,,,,05-03-2025,,,,,,,,,,,,,2024-2025,Adultes,,,,
ok,743,Terraforming mars,R,REF,REF,,,,,,45,3,,,,,,05-03-2025,,,,,,,,,,,,,2024-2025,Adultes,,,,
,744,Dune Imperium - Insurection,R,REF,REF,,,,,,62.9,3,,,,,,05-03-2025,,,,,,,,,,,,,2024-2025,Adultes,,,,
ok,745,Perfect Words,R,EXP,EXP,neuf,10+,20 min,2-6,,24,2,,,247,44*44,,05-03-2025,,,,Christine Alcouffe,,Paul-Henri Argiot,,Tiki editions,,,,nommé as d'or cannes 2024,2024-2025,Adultes,,"7 tuiles fléche, 10 jetons coquillage, 2 tuiles quitte ou double, 247 cartes mot (200 cartes mer et 47 cartes crabe), 1 bloc-notes, 6 crayons.",08/03/2025,https://www.youtube.com/watch?v=ijIMPX3_4iU
,746,Harmonies,R,ASS,ASS,neuf,10+,30 min,1-4,,36,2,,,46,70*120,,05-03-2025,,,,Maeva Da Sylva,,Johan Benvenuto,,Libellud,,,,,2024-2025,Adultes,,"1 sac en tissu, 1 plateau central,4 plateau personnel, 4 carte aide de jeu, 120 jetons, 75 cubes animaus, 4 cubes esprits de la nature, 32 cartes animal, 10 cartes esprit de la nature, 1 bloc de score, 1 livret de regle, 23 jetons bleu, 23 jetons gris, 21 jetons marron, 19 jetons verts, 19 jetons jaunes, 15 jetons rouges.",08/03/2025,https://www.youtube.com/watch?v=7VIU4vw3kSw
,747,Loot,R,REF,REF,neuf,10+,35 min,2-4,,29,2,,,,,,05-03-2025,,,,Naiade,,Charles Chevalier et Laurent Escoffier,,Gigamic,,,,,2024-2025,Adultes,,"4tuiles térritoire, 43 tuiles batiment, 12 boucliers, 15 tuiles  chantier, 1 bloc de score, 4 fjords, 52 viking, 1 tuile trophée, 1 tuile mer, 1 sac en tissu, 5 trophés, 90 ressources, 30 drakkars, 1 livre de regles",08/03/2025,https://www.youtube.com/watch?v=Q0MfClq7DUU
,748,Link City,R,ASS,ASS,,,,,,18.5,1,,,,,,,,,,,,,,,,,,,2024-2025,Adultes,,,,
,749,Cascadia Rolling,R,REF,REF,neuf,10+,15-30 min,1-4,,27,2,,,42,"68*44(12), 70*120(30)",,05-03-2025,,,,Beth Sobel,,Randy Flynn,,,,,,,2024-2025,Adultes,,"3 dés centraux, 1 dés central spécial, 8 dés personnels, 4 cartes avantage débutant, 8 cartes avantage expert, 30 cartes habitat, 64 feuilles invertaire, 64 feuilles environnement, 4 aides de jeu, 1 livret de régles.",08/03/2025,https://www.youtube.com/watch?v=xGQDH-jZia0
ok,750,PatchWork,R,ASS,ASS,neuf,8+,30 min,1-2,,25.5,2,,,24,92*60,,05-03-2025,,,,"Carie Cantweel, Cecilia Mok",,Uwe Rosenberg,,Lookout game,,,,,2024-2025,Adultes,,"1 plateau chrono, 2 plateau couverture, 1 pion neutre, 2 pions chrono vert et rouge, 24 cartes, 5 tuiles de cuir, 1 tuiles bonus, 33 tuiles de tissu, 32 jetons 1 bouton, 12 jetons 5 boutons, 5 jetons 10 boutons, 1 jetons 20 boutons.",08/03/2025,https://www.youtube.com/watch?v=MtGR-9ITlNM
ok,751,Fortissimo !,R,COM,COM,neuf,6+,20 min,2-4,médieval,13,1,,,49,,,09-06-2025,,,,Maciej Srymanowicz,,Dominique Ehrthard,,Tiki edition,,,,,2024-2025,Adultes,,"45 cartes rampart, 4 cartes départ",09/06/2025,https://www.youtube.com/watch?v=dEjAuRduwcA&ab_channel=Ludovox
ok,752,Enquete express,R,ENQ,ENQ,neuf,10+,30 min,2-6,enquete,15,1,,,74,,,09-06-2025,,,,Eliot Trouttel; Claire Conan; Audrey Vellard,,Antonin Boccara,,Blam,,,,,2024-2025,Adultes,,"3*28 cartes, 3 livrets réponse, 1 régle",09/06/2025,https://www.youtube.com/watch?v=OKcE1pV7X18&ab_channel=Ludovox
ok,753,Champions !,R,EXP,EXP,bon,10+,30 min,3-8,,20,2,,,126,,Don ludo,09-06-2025,,,,,,Gregoire Largey; Franck Crittin; Sebastien Pauchon,,Repos production,,,,,2024-2025,Adultes,,"110 cartes duel, 8 plateaux, 16 cartes vote (8 par couleur), 8 fiches perso, 8 marqueurs, 8 tuiles concurrent, 1 régles.",09/06/2025,https://www.youtube.com/watch?v=dLb6nlVjPt8&ab_channel=ReposProduction
ok,754,Win !,R,EXP,EXP,bon,8+,25 min,3-6,,13,1,,,220,,Don ludo,09-06-2025,,,,Mathieu Beaulieu,,Jeff Siadeck,,Fun Forge,,,,,2024-2025,Adultes,,"100 cartes perso, 100 cartes épreuve, 20 cartes vote, 1 sablier, 1 regle",09/06/2025,
ok,755,mille bornes (pocket),R,COM,COM,neuf,6+,20 min,2-8,,13.95,1,,,110,,,01-05-2025,,,,,,,,Dujardin,,,,boite abimée,2024-2025,Enfants,,"106 cartes, 4 cartes mémo, 1 regle",15/06/2025,https://www.youtube.com/watch?v=yvd1OtUoTEg&ab_channel=LesjeuxdeFifi
ok,756,The Gang,R,COO,EXP,neuf,8+,30-40 min,4-7,western,19.95,1,,,110,,,01-05-2025,,,,Alessandro Pierangelini,,Emiliano Sciarra,,DV games,,,,,2024-2025,Adultes,,"7 cartes rôle, 16 cartes perso, 80 cartes de jeu, 7 cartes résumé, 7 plateaux individuels, 30 balles, 1 regle.",15/06/2025,https://www.youtube.com/watch?v=9lv-xSfEe0A&ab_channel=Ludovox
ok,757,cabanga,R,COM,COM,neuf,8+,20 min,3-6,,15.5,1,,,84,,,01-05-2025,,,,Kreativbunker,,Michael Modler,,Gigamic,,,,,2024-2025,Adultes,,"4 cartes rangée, 8 cartes de départ, 72 cartes nombre, 1 régle",15/06/2025,https://www.youtube.com/watch?v=_B3iviVgsAY&ab_channel=Ludovox
ok,758,Faux culte! le pire contre attaque,R,EXP,EXP,neuf,14+,20 min,2+,,16.5,1,,,220,,,21 06 2025,,,,Harrison Delcros,,"Harrison Delcros, Marion Delcros",,Gigamic,,,,,2024-2025,Adultes,,"220 cartes, 1 régles",21/06/2025,https://www.youtube.com/watch?v=XbaquhQjZws&ab_channel=MomentLudique
ok,759,Apéro culte spécial mimes,R,EXP,EXP,neuf,,,2-10,,5.99,1,,,240,,,21 06 2025,,,,,,,,,,,,,2024-2025,Adultes,,"240 cartes,6 intercalaires.",21/06/2025,
ok,760,micro macro crime city,R,ENQ,ENQ,neuf,10+,15-45,1-4,,24.5,2,,,120,,,21 06 2025,,,,"Daniel Goll, Johannes Sich",,Johannes Sich,,black rock game,,,,,2024-2025,Adultes,"24 cartes enquêtes, 4 enveloppes","1 plan de la ville, 120 cartes enquête, 1 loupe, 16 enveloppes, 1 regle",21/06/2025,https://www.youtube.com/watch?v=6SwKBBMq-Jc&ab_channel=Ludovox
ok,761,jungle speed geant,R,ADR,ADR,neuf,7+,15 min,3-9,,25,2,,,28,,,21 06 2025,,,,Thomas Vuarchex,,"Thomas Vuarchex, Pierric Yakovenhko",,,,,,,2024-2025,Animations,,"28 carte symbole, 4 bases d'équipe, 10 jetons totem, 1 drapeau totem, 1 régle",21/06/2025,https://www.youtube.com/watch?v=oCexQHQ9RhU&ab_channel=StudioZygomatic
ok,762,Fun facts,R,EXP,EXP,neuf,8+,30 min,4-8,,19.9,1,,,195,,,21 06 2025,,,,Kasper Lapp,,,,repos production,,,,,2024-2025,Adultes,,"195 cartes, 8 fleches, 8 marqueurs effacables, 1 étoiles, 1 tableau des légendes, 1 régle",21/06/2025,https://www.youtube.com/watch?v=KcrlpLOglGs&ab_channel=Ludovox
ok,763,Behind,R,ENQ,ENQ,neuf,10+,45 à 90 min,1+,,23,2,,,,,,21 06 2025,,,,"Maud Chalmel, Piero, Martin Vidberg",,Cédric Millet,,KYF edition,,,,,2024-2025,Adultes,,"180 tuiles ( 56 le vol; 54 le professeur; 70 imhotep), 18 cartyes indices ( 6 par tableau) 1 régle",21/06/2025,https://www.youtube.com/watch?v=CvhwS_zgrTw&ab_channel=Ludovox
ok,764,MLEM space agency,R,PAR,PAR,neuf,8+,30-60 min,2-6,,27.95,2,,,,,,09.07.2025,,,,Joanna Rzepecka,,Reiner Knizia,,Rebel,,,,,2024-2025,Adultes,,"1 plateau fusée, 4 pions objectifs, 64 pions PV (20 de 1, 20 de 3, 12 de 5, 12 de 10), 1 marqueur fusee, 6 dés, 5 plateaux joueur, 1 pions echec cosmique, 40 pions chastronautes. 1 régle, 1 plateau tissu.  variante exploirations : 20 pions variante missions secretes  : 20 pions missions variante OVNI: 5 pions ovni, 14 pions expéditions, 1 marqueur ovni",09/07/2025,https://www.youtube.com/watch?v=EL4JL4ZbXUc&ab_channel=Ludovox
ok,765,Mint Works,R,REF,REF,neuf,14+,10-20 min,1-4,,13,1,,,,,,09.07.2025,,,,,,,,Lucky duck games,,,,,2024-2025,Adultes,,"1 regle, 1 jetons premier joueur, 30 mints blanc de 1 , 6 mints rouge de 5, 33 cartes (10 lieu, 21 plan, 2 cartes IA).",09/07/2025,https://www.youtube.com/watch?v=QBuWCYCxHMY&ab_channel=Ludovox
ok,766,Top ten 18+,R,COO,EXP,neuf,18+,,4-9,,12,1,,,,,,09.07.2025,,,,,,,,,,,,,2024-2025,Adultes,,"126 cartes theme, 10 cartes numéro, 1 tapis, 8 jetons, 1 regles",09/07/2025,https://www.myludo.fr/#!/search/Top%20Ten%2018%2B/games/*/*/*/*/*/*/18/bymagic
ok,767,High score,R,HAS,HAS,neuf,8+ ,30 min,2-5,,16.5,1,,,,,,09.07.2025,,,,,,Reiner Knizia,,Iello,,,,,2024-2025,Adultes,,"1 plateau, 5 cubes, 5 marqueurs 30 points, 7 dés, 21 cartes defi, 21 jetons points (7 or, 7 argent, 7 bronze), 1 regle",09/07/2025,Ludochrono - High Score - YouTube
ok,768,Little tavern,R,COM,COM,neuf,8+,25 min,3-5,,17,1,,,,,,09.07.2025,,,,,,,,Repos production,,,,accessible daltoniens,2024-2025,Adultes,,"56 cartes, 5 tables, 44 piéces, 1 régle",09/07/2025,Ludochrono - Little Tavern - YouTube
ok,769,Tengu,R,PAR,COO,neuf,6+,15 min,2-4,,20,2,,,,,,09.07.2025,,,,,,,,Bankiiiz éditions,,,,,2024-2025,Enfants,,"23 tuiles forêt (1 temple, 3 chemins,12 jouet, 2 brume, 3 tornade, 2 mirage) 12 jetons jouet, pour chaque joueur : 1 planche, 8 cartes personnage, 1 pion. 4 jetons aide, 1 régle",09/07/2025,Ludochrono - Tengu - YouTube
ok,770,Festival,R,ASS,ASS,neuf,8+,20 min,2-4,,20,2,,,,,,09.07.2025,,,,,,,,Scorpion masqué,,,,accessible daltoniens,2024-2025,Enfants,,"1 jetons premier joueur, 4 tuiles spectateurs, 28 cartes objectif, 4 cartes objectif, 4 plateaux individuelle, 64 jetons, 1 régle",09/07/2025,Ludochrono - Festival - YouTube
ok,771,Fluffy valley,R,REF,REF,neuf,6+,25 min,1-4,,32,2,,,,,,09.07.2025,,,,,,,,Loki,,,,,2024-2025,Enfants,,"1 plateau prairie, 1 plateau terrier, 1 plateau saison, 4 figurine, 20 jetons buisson, 20 jetons galerie, 12 jetons hérisson, 10 jetons paille, 8 jetons belette, 14 cartes danger, 8 cartes castor, 2 sacs, 1 régle",09/07/2025,Ludochrono - Fluffy Valley - YouTube
ok,772,Café de fleur,R,COM,COM,neuf,10+,45 min,2-4,,45,3,,,,,,09.07.2025,,,,,,,,Deep print,,,,,2024-2025,Adultes,,"150 piéces en bois, 4 parquets, 1 plateau outils, 48 tuiles outil, 81 cartes, 6 marquers en bois, 4 jetons score, 1 plateau de scores, 1 régle.",09/07/2025,Intarsia / Café de Fleur - Règles - YouTube
ok,773,quoridor pac man,R,PAR,PAR,neuf,8+,15 min,2-5,,38,2,,,,,,09.07.2025,,,,,,,,Gigamic,,,,,2024-2025,Enfants,,"1 plateau, 4 fantômes, 1 casque, 3 pac-man, 4 boules, 20 murs.",09/07/2025,Ludochrono - Quoridor et Quoridor PacMan - YouTube
ok,774,Flip 7,R,COM,COM,neuf,,,,,15,1,,,,,,21 06 2025,,,,,,,,,,,,,2024-2025,Adultes,,,,
ok,775,Top 10,R,COO,EXP,occasion,14+,,4-9,,19.95,1,,,,,,14 08 2025 ,,,,,,,,,,,,,2024-2025,Adultes,5 cartes théme en +,"120 cartes théme, 10 cartes numero, 1 tapis, 8 jetons, 1 regle",14/08/2025,Ludochrono - Top ten - YouTube
ok,776,Petits meurtres et fait divers,R,ENQ,ENQ,occasion,14+,45 min,4-7,enquete,29.95,2,,,,,,14 08 2025,,,,,,,,asmodée,,,,,2024-2025,Adultes,,"1 livret inspecteur, 1 livre greffier, 4 livrets innocents, 1 livret du coupable, 1 sablier 30s, 7 cartons vote, 1 carton greffier, 7 pions, 1 plateau, 1 regle",14/08/2025,LudoChrono - Petits Meurtres et Faits Divers - YouTube
ok,777,Wingspan + Automa,R,ASS,ASS,occasion,10+,60 min,1-5,,59.95,3,,,,,,14 08 2025,,,,,,,,Matagot,,,,,2024-2025,Adultes,,"1 livre de regle, 1 appendice, 1 plateau objectif, 1 plateau oiseau, 5 plateaux joueur, 1 mangeoire/tour a des, 1 bloc de score, 170 cartes oiseau,10 cartes coin gris, 26 cartes bonus, 75 oeufs, 5 dés, 40 cubes, 103 jetons nourriture, 8 tuiles objectif, 1 jeton 1er joueur, 4 aide de jeu. AUTOMA : 11 cartes automa, 2 cartes aide de jeu, 2 cartes de décompte objectifs, 1 carte de suivi de manche.",14/08/2025,Ludochrono - Wingspan - YouTube
ok,778,Winngspan extension europe,R,ASS,ASS,occasion,10+,60 min,1-6,,34.95,2,,,,,,14 08 2025,,,,,,,,Matagot,,,,,2024-2025,Adultes,,"1 régle, 81 cartes oiseau, 15 ouefs violet (rangé dans le jeu de base), 5 cartes bonus, 4 cartes automa, 1 rangement, 1 bloc score, 5 tuiles objectif, 38 jetons nourriture (rangés avec le jeu de base), 1 tuile reference.",14/08/2025,Ludochrono - Wingspan - YouTube
,780,Détanque,R,ADR,ADR,Neuf,,,,,65,3,,,,,,14 08 2025,,,,,,,,,,,,,2024-2025,Animations,,,,
ok,781,Avant Après,R,ENQ,,Neuf,10+,20/30 min,2-6,,20,2,,,,,,14 08 2025,,,,,,,,,,,,,2024-2025,Adultes,,"1 régle, 12 feuilles illustrations, 6 livrets enquête.",02/11/2025,https://www.youtube.com/watch?v=-Z0g6omwOV4
ok,782,Danger,R,COM,COM,Neuf,10+,25 min,3-5,,12,1,,,,,,14 08 2025,,,,,,,,,,,,,2024-2025,Adultes,,"1 régle,1 bloc score,50 cartes",02/11/2025,https://www.youtube.com/watch?v=qv70ZyI4Po8
ok,783,Zenith,R,EQU,REF,Neuf,10+,30 min,2 ou 4,,34,2,,,,,,14 08 2025,,,,,,,,,,,,,2024-2025,Adultes,,"1 régle,1 plateau technologies, 1 plateau planètes, 1 plateau diplomatie, 6 marqueurs techno, 16 jetons zenithium, 20 disque influence, 90 cartes agent, 30 jetons crédits, 16 jetons bonus, 1 jeton badge leader, 2 aides de jeu, 1 lexique icones.",02/11/2025,https://www.youtube.com/watch?v=cKjOd1lekeY
ok,784,Toy Battle,R,PAR,,Neuf,8+,15 min,2,,26,2,,,,,,14 08 2025,,,,,,,,,,,,,2024-2025,,,"48 tuiles troupes, 4 plateaux, 16 pions médailles, 2 supports, 2 boites de rangements, 1 aide de jeux.",31/10/2025,https://www.youtube.com/watch?v=D7uEBhEY9TM
,785,Mycelia,R,REF,,,,,,,36,2,,,,,,20/09/2025,,,,,,,,,,,,,,,,,,
,786,Agent Avenue,R,PAR,,,,,,,22,2,,,,,,20/09/2025,,,,,,,,,,,,,,,,,,
,787,Casque Cheque Chat,R,EXP,,,,,,,18,1,,,,,,20/09/2025,,,,,,,,,,,,,,,,,,
ok,788,Foret Mixte - Exploration,R,ASS,,neuf,10+,60 min,1-5,,10,1,,,,,,02-11-2025,,,,,,,,,,,,Extension du jeu de base,2024/2025,,,55 cartes,02/11/2025,https://www.youtube.com/watch?v=OWEpTHFRTq8
ok,789,Daybreak,R,COO,,neuf,10+,60-90 min,1-4,,60,3,,,,,,02-11-2025,,,,,,,,,,,,,2024-2025,,,"1 régle, 1 plateau principal, 4 plateau joueur, 2 extension de plateaux joueur, 133 cartes projet local, 25 cartes projet local de départ, 48 cartes crise,, 24 crates projet global, 42 cartes défi, 9 cartes de référence, 60 pions energie renouvable/polluante de 1, 14pions energie renouvable/polluante de 5, 69 émissions, 48 communautés en crise, 10 tuiles température, 40 cube carbone de 1, 20 cubes carbanes de 5, 6 marqueurs consequence, 1 marqueur de round, 4marqueurs actif, 4 marqueurs demande energie,, 8 DAC de 1, 1 DAC de 5, 8 arbres de 1, 5 arbres de 5, 8 océans de 1, 3 océans de 5 , 1 dés consenquence, 1 dés geoingénierie, 4 bac de rangement.",02/11/2025,https://www.youtube.com/watch?v=rdByHdJDDQ0
,790,Daybreak,R,,,,,,,,26,2,,,,,,20/09/2025,,,,,,,,,,,,,,,,,,
ok,791,Les dents de la mer,R,,,occasion,12+,,2-4,,22,2,,,,,,02-11-2025,,,,,,,,,,,,,2025/2026,,2 tuiles bateau,"1 régle,1 plateau,1 pion requin,2 pions bateau, 3 pions perso, 16 cartes bonus, 16 cartes surface, 22 cartes équipement, 16 cartes événement, 3 dés, 1 bloc action requin, 4 fiche perso, 4 curseurs, 8 tuiles bateau,40 tuiles et jetons divers, ",02/11/2025,https://www.youtube.com/watch?v=yqzy420cYnE
ok,792,Nidavellir,R,,,occasion,10+,45 min,2-5,,33.5,2,,,,,achat armoire a jeux,31/10/2025,,,,,,,,,,,,,2025/2026,,"1 piéce d'or, 1 trésor royal","87 cartes Nain(e),5 cartes Distinction,5 cartes Offrande Royale,21 cartes Héros/Héroïne,3 enseignes de taverne,5 plateaux individuels
Carte du Royaume,3 marqueurs Échange de gemmes,6 gemmes,60 pièces d'or,1 Trésor Royal,4 porte-cartes,1 carnet de score",31/10/2025,https://www.youtube.com/watch?v=zZiu6ZAZNGs
,793,La Prophétie des dragons,R,ENQ,,,,,,,25,2,,,,,,20/09/2025,,,,,,,,,,,,,,,,,,
,794,Frère de la côte,R,ENQ,,,,,,,25,2,,,,,,20/09/2025,,,,,,,,,,,,,,,,,,
,795,Hit Z Road,R,COO,,,,,,,33,2,,,,,,20/09/2025,,,,,,,,,,,,,,,,,,
,796,Robins des bois,R,COO,,,,,,,55,3,,,,,,20/09/2025,,,,,,,,,,,,,,,,,,
ok,797,Archipelago + extension solo,R,,,occasion,14+,30-240 min,2-5,,50,3,,,,,achat armoire a jeux,03-11-2025,,,,,,,,,,,,,2025/2026,,"- 1 florin de 5, -1 cube bleu, -1 cube blanc,","1 régle, 1 roue action R/V, 30 cartes objectif secret, 25 exagone de région,51 piéces de monnaie (21 de 5, 30 de 1). 48 cartes évolutions, 12 cartes tendance, 82 cubes ( 15 vert, 15 brun, 15 bleu, 15 marron, 12 blanc, 10 noir) , 5 ensemble de 20 pions, 13 jetons marché/port, 13 jetons ville/temple, 24 jetons explorateur, 5 paravents, 1 piste évolution, 1 plateau marché intérieur, 1 plateau marché extérieur, 1 plateau stabilité, 1 meeple blanc, 1 meeple noir, 1 meeple gris, 1 plateau travailleurs. extension solo : 27 cartes personnage.",03/11/2025,https://www.youtube.com/watch?v=3O_CXburLXc
,798,Art Moderne,R,,,,,,,,70,3,,,,,,20/09/2025,,,,,,,,,,,,,,,,,,
ok,799,zombies la blonde la brute et le truand,R,,,occasion,14+,60 min,3-6,,50,3,,,,,armoire a jeux,31/10/2025,,,,,,,,,,,,boite abimée,2025/2026,,"1 figurine zombie,","1 plateau, 5 caches, 21 pions personnages, 30 figurines zombie, 6 planches de vote, 4 dés, 1 cache pour les dés, 21 cartons action, 1 marqueur chef",31/10/2025,"LudoChrono - Zombies, the Blonde, the Brute and the Ugly - YouTube"
ok,800,Aargh! Tecte,R,,,occasion,8+,45 min,3-8,,40,3,,,,,armoire a jeux,29/10/2025,,,,,,,,,,,,,2025/2026,,,"1 régle,2 sets d'élements de construction (10 piéces, 2 de chaque couleur), 2 massues gonflable, 2 feuilles de décodage, 24 cartes projet.",29/10/2025,
,801,Perspectives,R,,,,,,,,32,2,,,,,,20/09/2025,,,,,,,,,,,,,,,,,,
,802,Dive,R,,,,,,,,32,2,,,,,,20/09/2025,,,,,,,,,,,,,,,,,,
,803,Les chevaliers de la table ronde,R,,,,,,,,90,3,,,,,,20/09/2025,,,,,,,,,,,,,,,,,,
,804,Rencontre Cosmique,R,,,,,,,,93,3,,,,,,20/09/2025,,,,,,,,,,,,,,,,,,
,805,Battlestar Galactica,R,EQU,,,,,,,40,3,,,,,,20/09/2025,,,,,,,,,,,,,,,,,,
,806,FormulaD,R,PAR,,,,,,,45,3,,,,,,20/09/2025,,,,,,,,,,,,,,,,,,
,807,A la conquête des catacombes,R,,,,,,,,20,2,,,,,,20/09/2025,,,,,,,,,,,,,,,,,,
ok,808,Les aventuriers du rail - Mon premier voyage,R,PAR,,occasion,6+,,2-4,,27,2,,,,,,06-11-2025,,,,,,,,,,,,boite abimée,2025/2026,,"en plus : 2 wagons rouge, 1 jaune et 2 verts. manque: 1 carte wagon, 1 carte ticket,","1 régle, 1 plateau, 80 wagons, 72 cartes train, 32 tickets, 4 cartes bonus, 1 ticket d'or.",06/11/2025,https://www.youtube.com/watch?v=nToqprsBTPA
ok,809,Mon P'tit Everdell,9*/+8c,,,neuf,6+,30 min,1-4,,40,3,,,,,,06-11-2025,,,,,,,,,,,,,2024/2025,,,"1 régle, 1 plateau, 4 plateau maison, 54 cartes principal, 16 tuiles parade, 1 jetons soleil, 1 jeton lune, 4 carte capitaine, 4 cartes fort, 3 papillons, 3 renaards, 3 lézards, 3 souris, baies, brindilles, résine, jetons point, jetons bai brindille et résine supplémentaires, 4 dés ressources, 1 carte victoire, 1 carte partie solo, 1 dés 8 faces, 4 cageots.",06/11/2025,https://www.youtube.com/watch?v=oOLedwcVku8
,810,Dark Darker Darkest,R,COO,,,,,,,60,3,,,,,,20/09/2025,,,,,,,,,,,,,,,,,,
,811,Rythme and Boulet,R,ADR,,,,,,,12,1,,,,,,20/09/2025,,,,,,,,,,,,,,,,,,
ok,812,Bobby Sitter,R,,,occasion,5+,2-6,5-10 min,,20,2,,,,,,06-11-2025,,,,,,,,,,,,régle abimée,2025/2026,,9 jetons,"1 régle, 56 cartes, 25 jetons, 1 pion mouton, 5 pions booby",06/11/2025,
ok,813,Carta Impera Victoria,R,,,neuf,8+,20 min ,2-4,,18,1,,,,,,11-02-2025,,,,,,,,,,,,,2025/2026,,,"1 régle, 4 aides de jeu, 1 piéce majorité, 104 cartes",02/11/2025,https://www.youtube.com/watch?v=QihsHYonnLc
,814,Similo - les animaux fantastiques,R,,,,,,,,12,1,,,,,,20/09/2025,,,,,,,,,,,,,,,,,,
,815,Time Bomb,R,EQU,,,,,,,14,1,,,,,,20/09/2025,,,,,,,,,,,,,,,,,,
,816,Thingvellir (ext. Nidavellir),R,,,,,,,,"13,5",3,,,,,,20/09/2025,,,,,,,,,,,,,,,,,,
,817,Star Wars - Empire et rébellion,R,,,,,,,,12,1,,,,,,20/09/2025,,,,,,,,,,,,,,,,,,
ok,818,Key Largo,R,,,occasion,10+,45 min,3-5,,10,1,,,,,achat armoire a jeux,31/10/2025,,,,,,,,,,,,,2025/2026,,,"Plateau de jeu,5 bateaux,1 bouée 1er joueur,130 cartes,15 plongeurs,20 tuyaux,10 tridents et 10 poids,Argent, 1 régle",31/10/2025,
ok,819,Claustrophobia,R,,,occasion,14+,45 min,2,,50,3,,,,,achat armoire a jeux,04-11-2025,,,,,,,,,,,,boite abimée,2025/2026,,"- 3 jetons menace,-1 jeton troglodyte, -1 jeton trésor, 1 des 6 faces noir remplacé par un blanc.","1 régle, 36 tuiles couloir/salle,17 figurines, 5 cartes de référence humaains, 5 pupitres, 25 pions dégats, 6 cartes de don, 6 cartes objet, 15 cartes avantage, 1 planche destinée, 7 cartes référence démons, 16 cartes événements, 20 jetons menace, 10 jeton blessures, 3 jetons trou sol, 2 jetons troglodyte, 1 jeton courage, 4 jetons trésor, 3 jetons sceau protecteur, 1 de 10 faces, 12 des 6 faces,",04/11/2025,https://www.youtube.com/watch?v=LB0l0yxQcbc
,820,La Crypte de la Créature,R,,,,,,,,60,3,,,,,,20/09/2025,,,,,,,,,,,,,,,,,,
,821,Guilty : Houston 2015,R,ENQ,,,,,,,18,1,,,,,,20/09/2025,,,,,,,,,,,,,,,,,,
ok,822,Zoowaboo,R,,,occasion,,,,,23,2,,,,,achat armoire a jeux,06-11-2025,,,,,,,,,,,,,2025/2026,,- 1 jeton points gagnant,"1 régle, 6 radeaux, 30 animaux en bois, 30 cartes 18 points gagnants, 4 jetons oui, 4 jetons non, 1 sablier.",,https://www.youtube.com/watch?v=oiMKb8DX_n0
ok,823,Space Blast,R,,,occasion,10+,20 min,3-6,,15,1,,,,,achats armoire a jeux,31/10/2025,,,,,,,,,,,,,2025/2026,,"1 jetons virage, 2 jetons missile, 1 jeton frein","1 plateau aréne, 18 mines, 2 astéroides, 9 pouvoirs spéciaux, 24 vaisseaux, 60 virages, 6 ecrans, 48 missiles, 12 freins, 1 régle",31/10/2025,
ok,824,Last Night on Earth,R,,,occasion,12+,60-90 min,2-6,,69,3,,,,,,31/10/2025,,,,,,,,,,,,"régle imprimée en français, jeu en anglais.",2025/2026,,1 CD audio,"1 livre de règle, 1 plateau central, 6 plateaux externes en L, 8 figurines héros (gris), 14 figurines zombies ( verte et marron), 40 cartes Héros de base, 20 cartes héro avancées, 40 cartes zombie, 20 cartes zombie avancées, 6 cartes références, 8 planches personnage héros, 5 planche scénario, 16 dés, 1 CD musique, pions en cartons.",31/10/2025,Le Cercle des Illuminadés - Last Night on Earth - YouTube
ok,825,String Railway,R,,,occasion,8+,30 min,2-5,,35,2,,,,,achats armoire a jeux,04-11-2025,,,,,,,,,,,,,2025/2026,,"- 4 gares,","1 ficelle noire, 1 ficelle bleue ciel, 1 ficelle grise, 25 ficelles , 5 gares de départ, 35 gares, 20 jetons controle en bois, 50 jetons PV, 1 régle.",04/11/2025,https://www.youtube.com/watch?v=hW1tfeMjPa0
,826,Sporz,R,EQU,,,,,,,20,2,,,,,,20/09/2025,,,,,,,,,,,,,,,,,,
,827,Bandida,R,,,,,,,,12,1,,,,,,20/09/2025,,,,,,,,,,,,,,,,,,
,828,Under Falling Skies,R,,,,,,,,32,2,,,,,,20/09/2025,,,,,,,,,,,,,,,,,,
ok,829,Zombie Kidz,R,,,occasion,7+,15 min,2-4,,23,2,,,,,,29/10/2025,,,,,,,,,,,,,2025/2026,,"4 pions hero en plus, manque 13 enveloppes","1 régle, 4 pions héro, 1 dé, 4 pions cadeau, 8 supports, 8 pions zombie, 1 plateau, 13 enveloppes évolutions",29/10/2025,
ok,830,La fée aux fleurs,R,,,occasion,2+,,1-3,,20,2,,,,,,20/09/2025,,,,,,,,,,,,plateau et boite abimé,2024/2025,,,"1 régle, 1 pions, 9 tiges  de 3*3 piecs et couleurs differentes,3 têtes de fleurs, 1dé",02/11/2025,https://www.youtube.com/watch?v=rvuWfhBhATw
ok,831,Rhino Hero Junior,R,,,occasion,5+,,2-4,,22,2,,,,,armoire a jeux,29/10/2025,,,,,,,,,,,,,2025/2026,,"1 singe, ","1 régle, 4 personnages, 4 singes, 3 plaques de jeu, 3 dés, 1 medaille meilleurs grimpeur, 30 planchers, 24 murs haut, 24 murs bas ",29/10/2025,Rhino Héro Super Battle les règles du jeu - YouTube
ok,832,Little Cooperation,R,COO,,occasion,2+,10 min,2-4,,18,1,,,,,armoire a jeux,29/10/2025,,,,,,,,,,,,,2025/2026,,,"1 régle, 1 piste igloo, 1 piste phoque, 1 pont de glace, 6 pilliers, 1 dé, 4 personnages.",29/10/2025,https://www.youtube.com/watch?v=6qrZ8znBZUc
ok,833,Pyramide d'animaux,R,,,occasion,4+,,2-4,,23,2,,,,,armoire a jeux,29/10/2025,,,,,,,,,,,,"boite trés abimée, manque régle en francais",2025/2026,,,"1 régle, 1dé, 29 animaux",29/10/2025,Ludochrono - Animal Pyramid - YouTube
,834,Blueprints,R,,,occasion,,,,,60,3,,,,,,20/09/2025,,,,,,,,,,,,,,,,,,
ok,835,Complices,R,,,occasion,10+,20 min,2,,27,2,,,,,achat armoire à jeux,31/10/2025,,,,,,,,,,,,,2025/2026,,,"8 feuilles Salle (recto-verso),2 lunettes (1 rouge et 1 bleu),1 Feutre,2 sabliers,4 cartes Trésor,3 cartes Police,1 feuille Planque,1 dé Casino,4 cartes Musée,4 feuilles Astéroïdes,1 livret de règle",31/10/2025,Ludochrono - Complices - YouTube
ok,836,Trouv tout !,R,,,occasion,4+,,2/6,,14,1,,,,,achat armoire à jeux,06-11-2025,,,,,,,,,,,,,2025/2026,,,"1 régle, 60 cartes",06/11/2025,https://www.youtube.com/watch?v=Ipe7RYagDRc
,837,Super Peluches,R,,,occasion,,,,,25,2,,,,,,20/09/2025,,,,,,,,,,,,,,,,,,
ok,838,Cash'n guns live,,,,Occasion,8+,,8-20,,19,1,,,,,achat armoire jeux,20/09/2025,,,,,,,,Repos production,,,,,2025/2026,,,"1 regles, 1 sifflet, 110 cartes (3 parrain,38 actions 5000§, 38 actions 10000§, 29 actions 20000§, 1 extrension super pouvoir).",20/09/2025,
ok,839,Chroniques oubliées,,,,Occasion,14+,90 min,2-6,JDR,40,3,,,,,achat armoire jeux,20/09/2025,,,,,,,,black book editions,,,,boite abimée,2025/2026,,"1 pions, 32 socles.","1livre de regles, 1 set de six dés (4 faces, 6 faces, 8 faces, 10 faces, 12 faces, 20 faces), 1 bloc de feuilles perso vierges,5 feuilles perso préremplies, deux plans, 1 surface effacables, 53 pions et leurs socles, 1 écran MJ.",20/09/2025,
ok,840,La colline aux feux follets,,,,Occasion,5-9,20 min,1 a 4,,35.9,2,,,,,achat armoire jeux,20/09/2025,,,,,,,,Gigamic,,,,boite et jeux abimés,2025/2026,,,"1 plateau + 4 supports, 1 plateau arrivée recto/verso, 6 figurines apprenti (bleu), 4 figurine sorciéres( noir), 1 sac, 5 billes( bleu, rouge,jaune,violet, blanc, 1 régle",20/09/2025,https://www.youtube.com/watch?v=_JFb5brgbqg
ok,841,Murano,,,,Occasion,8+,30 min,2-4,,26.9,2,,,,,achat armoire jeux,20/09/2025,,,,,,,,Matagot,,,,,2025/2026,,,"1 regle, 1 plateau R/V, 1 anneau R/V, 4 plateaux individuelle,46 éclats (10 bleus, 10 verts, 10 jaunes, 10 rouges, 6 transparents), 24 cartes oeuvres, 16 cartes avantage 4 tuiles catégorie, 65 jetons lire ( 37 de 1, 10 de 5, 18 de 10), 1 marqueur 1er joueur, 4 aide de jeu.",20/09/2025,https://www.youtube.com/watch?v=eKKhGJUaakw
,842,unlock enchanted adventures,,,,,,,,,36,2,,,,,,20/09/2025,,,,,,,,,,,,,,,,,,
,843,Swoobee,,,,,,,,,30.5,2,,,,,,20/09/2025,,,,,,,,,,,,,,,,,,
,844,limit ,,,,,,,,,44.95,,,,,,,20/09/2025,,,,,,,,,,,,,,,,,,
,845,moustaches,,,,,,,,,15.5,,,,,,,20/09/2025,,,,,,,,,,,,,,,,,,
,846,take time,,,,,,,,,22.5,,,,,,,20/09/2025,,,,,,,,,,,,,,,,,,
,847,ritual,,,,,,,,,27.9,,,,,,,20/09/2025,,,,,,,,,,,,,,,,,,
,848,Le chat et la tour,,,,,,,,,19.9,,,,,,,20/09/2025,,,,,,,,,,,,,,,,,,
,849,ptit pois,,,,,,,,,10.9,,,,,,,20/09/2025,,,,,,,,,,,,,,,,,,
,850,d-start,,,,,,,,,28.95,,,,,,,20/09/2025,,,,,,,,,,,,,,,,,,
,851,micro macro kids,,,,,,,,,24.5,,,,,,,20/09/2025,,,,,,,,,,,,,,,,,,
,852,13 feuilles,,,,,,,,,15.5,,,,,,,01-01-2026,,,,,,,,,,,,,,,,,,